"","X1","id_id","treatment","site","aspect","elevation","slope","avg_temp","avg_ppt","lat","long","cat_ele","grid","bm"
"1",1,"masouleh_EA1","exclosure","masouleh","NW",2216,60,23.7,601,37.176921,48.94019,"c","A 1",152.208
"2",2,"masouleh_EA1","exclosure","masouleh","NW",2216,60,23.7,601,37.176921,48.94019,"c","A 2",217.316
"3",3,"masouleh_EA1","exclosure","masouleh","NW",2216,60,23.7,601,37.176921,48.94019,"c","A 3",405.45
"4",4,"masouleh_EA1","exclosure","masouleh","NW",2216,60,23.7,601,37.176921,48.94019,"c","A 4",171.575
"5",5,"masouleh_EA1","exclosure","masouleh","NW",2216,60,23.7,601,37.176921,48.94019,"c","A 5",99.403
"6",6,"masouleh_EA1","exclosure","masouleh","NW",2216,60,23.7,601,37.176921,48.94019,"c","A 6",171.186
"7",7,"masouleh_EA1","exclosure","masouleh","NW",2216,60,23.7,601,37.176921,48.94019,"c","A 7",160.278
"8",8,"masouleh_EA1","exclosure","masouleh","NW",2216,60,23.7,601,37.176921,48.94019,"c","A 8",95.066
"9",9,"masouleh_EA1","exclosure","masouleh","NW",2216,60,23.7,601,37.176921,48.94019,"c","B 1",143.034
"10",10,"masouleh_EA1","exclosure","masouleh","NW",2216,60,23.7,601,37.176921,48.94019,"c","B 2",377.798
"11",11,"masouleh_EA1","exclosure","masouleh","NW",2216,60,23.7,601,37.176921,48.94019,"c","B 3",137.855
"12",12,"masouleh_EA1","exclosure","masouleh","NW",2216,60,23.7,601,37.176921,48.94019,"c","B 4",201.483
"13",13,"masouleh_EA1","exclosure","masouleh","NW",2216,60,23.7,601,37.176921,48.94019,"c","B 5",101.275
"14",14,"masouleh_EA1","exclosure","masouleh","NW",2216,60,23.7,601,37.176921,48.94019,"c","B 6",122.53
"15",15,"masouleh_EA1","exclosure","masouleh","NW",2216,60,23.7,601,37.176921,48.94019,"c","B 7",119.951
"16",16,"masouleh_EA1","exclosure","masouleh","NW",2216,60,23.7,601,37.176921,48.94019,"c","B 8",54.171
"17",17,"masouleh_EA1","exclosure","masouleh","NW",2216,60,23.7,601,37.176921,48.94019,"c","C 1",206.639
"18",18,"masouleh_EA1","exclosure","masouleh","NW",2216,60,23.7,601,37.176921,48.94019,"c","C 2",242.021
"19",19,"masouleh_EA1","exclosure","masouleh","NW",2216,60,23.7,601,37.176921,48.94019,"c","C 3",170.173
"20",20,"masouleh_EA1","exclosure","masouleh","NW",2216,60,23.7,601,37.176921,48.94019,"c","C 4",89.951
"21",21,"masouleh_EA1","exclosure","masouleh","NW",2216,60,23.7,601,37.176921,48.94019,"c","C 5",56.272
"22",22,"masouleh_EA1","exclosure","masouleh","NW",2216,60,23.7,601,37.176921,48.94019,"c","C 6",114.7533
"23",23,"masouleh_EA1","exclosure","masouleh","NW",2216,60,23.7,601,37.176921,48.94019,"c","C 7",56.78
"24",24,"masouleh_EA1","exclosure","masouleh","NW",2216,60,23.7,601,37.176921,48.94019,"c","C 8",70.791
"25",25,"masouleh_EA1","exclosure","masouleh","NW",2216,60,23.7,601,37.176921,48.94019,"c","D 1",291.055
"26",26,"masouleh_EA1","exclosure","masouleh","NW",2216,60,23.7,601,37.176921,48.94019,"c","D 2",141.743
"27",27,"masouleh_EA1","exclosure","masouleh","NW",2216,60,23.7,601,37.176921,48.94019,"c","D 3",200.05
"28",28,"masouleh_EA1","exclosure","masouleh","NW",2216,60,23.7,601,37.176921,48.94019,"c","D 4",122.851
"29",29,"masouleh_EA1","exclosure","masouleh","NW",2216,60,23.7,601,37.176921,48.94019,"c","D 5",147.251
"30",30,"masouleh_EA1","exclosure","masouleh","NW",2216,60,23.7,601,37.176921,48.94019,"c","D 6",118.086
"31",31,"masouleh_EA1","exclosure","masouleh","NW",2216,60,23.7,601,37.176921,48.94019,"c","D 7",73.903
"32",32,"masouleh_EA1","exclosure","masouleh","NW",2216,60,23.7,601,37.176921,48.94019,"c","D 8",53.625
"33",33,"masouleh_EA1","exclosure","masouleh","NW",2216,60,23.7,601,37.176921,48.94019,"c","E 1",210.1283
"34",34,"masouleh_EA1","exclosure","masouleh","NW",2216,60,23.7,601,37.176921,48.94019,"c","E 2",135.048
"35",35,"masouleh_EA1","exclosure","masouleh","NW",2216,60,23.7,601,37.176921,48.94019,"c","E 3",167.0584
"36",36,"masouleh_EA1","exclosure","masouleh","NW",2216,60,23.7,601,37.176921,48.94019,"c","E 4",181.87
"37",37,"masouleh_EA1","exclosure","masouleh","NW",2216,60,23.7,601,37.176921,48.94019,"c","E 5",137.2824
"38",38,"masouleh_EA1","exclosure","masouleh","NW",2216,60,23.7,601,37.176921,48.94019,"c","E 6",91.2
"39",39,"masouleh_EA1","exclosure","masouleh","NW",2216,60,23.7,601,37.176921,48.94019,"c","E 7",45.5924
"40",40,"masouleh_EA1","exclosure","masouleh","NW",2216,60,23.7,601,37.176921,48.94019,"c","E 8",59.036
"41",41,"masouleh_EA1","exclosure","masouleh","NW",2216,60,23.7,601,37.176921,48.94019,"c","F 1",175.038
"42",42,"masouleh_EA1","exclosure","masouleh","NW",2216,60,23.7,601,37.176921,48.94019,"c","F 2",148.712
"43",43,"masouleh_EA1","exclosure","masouleh","NW",2216,60,23.7,601,37.176921,48.94019,"c","F 3",132.831
"44",44,"masouleh_EA1","exclosure","masouleh","NW",2216,60,23.7,601,37.176921,48.94019,"c","F 4",250.2859
"45",45,"masouleh_EA1","exclosure","masouleh","NW",2216,60,23.7,601,37.176921,48.94019,"c","F 5",155.169
"46",46,"masouleh_EA1","exclosure","masouleh","NW",2216,60,23.7,601,37.176921,48.94019,"c","F 6",118.145
"47",47,"masouleh_EA1","exclosure","masouleh","NW",2216,60,23.7,601,37.176921,48.94019,"c","F 7",63.9354
"48",48,"masouleh_EA1","exclosure","masouleh","NW",2216,60,23.7,601,37.176921,48.94019,"c","F 8",31.547
"49",49,"masouleh_EA1","exclosure","masouleh","NW",2216,60,23.7,601,37.176921,48.94019,"c","G 1",419.799
"50",50,"masouleh_EA1","exclosure","masouleh","NW",2216,60,23.7,601,37.176921,48.94019,"c","G 2",119.636
"51",51,"masouleh_EA1","exclosure","masouleh","NW",2216,60,23.7,601,37.176921,48.94019,"c","G 3",349.408
"52",52,"masouleh_EA1","exclosure","masouleh","NW",2216,60,23.7,601,37.176921,48.94019,"c","G 4",87.239
"53",53,"masouleh_EA1","exclosure","masouleh","NW",2216,60,23.7,601,37.176921,48.94019,"c","G 5",288.001
"54",54,"masouleh_EA1","exclosure","masouleh","NW",2216,60,23.7,601,37.176921,48.94019,"c","G 6",121.227
"55",55,"masouleh_EA1","exclosure","masouleh","NW",2216,60,23.7,601,37.176921,48.94019,"c","G 7",115.094
"56",56,"masouleh_EA1","exclosure","masouleh","NW",2216,60,23.7,601,37.176921,48.94019,"c","G 8",77.954
"57",57,"masouleh_EA1","exclosure","masouleh","NW",2216,60,23.7,601,37.176921,48.94019,"c","H 1",180.68
"58",58,"masouleh_EA1","exclosure","masouleh","NW",2216,60,23.7,601,37.176921,48.94019,"c","H 2",246.704
"59",59,"masouleh_EA1","exclosure","masouleh","NW",2216,60,23.7,601,37.176921,48.94019,"c","H 3",181.783
"60",60,"masouleh_EA1","exclosure","masouleh","NW",2216,60,23.7,601,37.176921,48.94019,"c","H 4",100.795
"61",61,"masouleh_EA1","exclosure","masouleh","NW",2216,60,23.7,601,37.176921,48.94019,"c","H 5",134.33
"62",62,"masouleh_EA1","exclosure","masouleh","NW",2216,60,23.7,601,37.176921,48.94019,"c","H 6",157.993
"63",63,"masouleh_EA1","exclosure","masouleh","NW",2216,60,23.7,601,37.176921,48.94019,"c","H 7",57.362
"64",64,"masouleh_EA1","exclosure","masouleh","NW",2216,60,23.7,601,37.176921,48.94019,"c","H 8",66.178
"65",65,"masouleh_EA2","exclosure","masouleh","N",1950,27,23.7,601,37.175876,48.940206,"b","A 1",377.004
"66",66,"masouleh_EA2","exclosure","masouleh","N",1950,27,23.7,601,37.175876,48.940206,"b","A 2",396.897
"67",67,"masouleh_EA2","exclosure","masouleh","N",1950,27,23.7,601,37.175876,48.940206,"b","A 3",600.02
"68",68,"masouleh_EA2","exclosure","masouleh","N",1950,27,23.7,601,37.175876,48.940206,"b","A 4",265.347
"69",69,"masouleh_EA2","exclosure","masouleh","N",1950,27,23.7,601,37.175876,48.940206,"b","A 5",289.951
"70",70,"masouleh_EA2","exclosure","masouleh","N",1950,27,23.7,601,37.175876,48.940206,"b","A 6",443.82
"71",71,"masouleh_EA2","exclosure","masouleh","N",1950,27,23.7,601,37.175876,48.940206,"b","A 7",402.283
"72",72,"masouleh_EA2","exclosure","masouleh","N",1950,27,23.7,601,37.175876,48.940206,"b","A 8",364.735
"73",73,"masouleh_EA2","exclosure","masouleh","N",1950,27,23.7,601,37.175876,48.940206,"b","B 1",417.357
"74",74,"masouleh_EA2","exclosure","masouleh","N",1950,27,23.7,601,37.175876,48.940206,"b","B 2",540.729
"75",75,"masouleh_EA2","exclosure","masouleh","N",1950,27,23.7,601,37.175876,48.940206,"b","B 3",340.381
"76",76,"masouleh_EA2","exclosure","masouleh","N",1950,27,23.7,601,37.175876,48.940206,"b","B 4",666.118
"77",77,"masouleh_EA2","exclosure","masouleh","N",1950,27,23.7,601,37.175876,48.940206,"b","B 5",270.593
"78",78,"masouleh_EA2","exclosure","masouleh","N",1950,27,23.7,601,37.175876,48.940206,"b","B 6",563.652
"79",79,"masouleh_EA2","exclosure","masouleh","N",1950,27,23.7,601,37.175876,48.940206,"b","B 7",429.904
"80",80,"masouleh_EA2","exclosure","masouleh","N",1950,27,23.7,601,37.175876,48.940206,"b","B 8",310.8183
"81",81,"masouleh_EA2","exclosure","masouleh","N",1950,27,23.7,601,37.175876,48.940206,"b","C 1",662.727
"82",82,"masouleh_EA2","exclosure","masouleh","N",1950,27,23.7,601,37.175876,48.940206,"b","C 2",584.944
"83",83,"masouleh_EA2","exclosure","masouleh","N",1950,27,23.7,601,37.175876,48.940206,"b","C 3",644.833
"84",84,"masouleh_EA2","exclosure","masouleh","N",1950,27,23.7,601,37.175876,48.940206,"b","C 4",707.744
"85",85,"masouleh_EA2","exclosure","masouleh","N",1950,27,23.7,601,37.175876,48.940206,"b","C 5",723.906
"86",86,"masouleh_EA2","exclosure","masouleh","N",1950,27,23.7,601,37.175876,48.940206,"b","C 6",317.563
"87",87,"masouleh_EA2","exclosure","masouleh","N",1950,27,23.7,601,37.175876,48.940206,"b","C 7",241.948
"88",88,"masouleh_EA2","exclosure","masouleh","N",1950,27,23.7,601,37.175876,48.940206,"b","C 8",366.45
"89",89,"masouleh_EA2","exclosure","masouleh","N",1950,27,23.7,601,37.175876,48.940206,"b","D 1",343.804
"90",90,"masouleh_EA2","exclosure","masouleh","N",1950,27,23.7,601,37.175876,48.940206,"b","D 2",264.476
"91",91,"masouleh_EA2","exclosure","masouleh","N",1950,27,23.7,601,37.175876,48.940206,"b","D 3",727.27
"92",92,"masouleh_EA2","exclosure","masouleh","N",1950,27,23.7,601,37.175876,48.940206,"b","D 4",789.406
"93",93,"masouleh_EA2","exclosure","masouleh","N",1950,27,23.7,601,37.175876,48.940206,"b","D 5",694.574
"94",94,"masouleh_EA2","exclosure","masouleh","N",1950,27,23.7,601,37.175876,48.940206,"b","D 6",421.957
"95",95,"masouleh_EA2","exclosure","masouleh","N",1950,27,23.7,601,37.175876,48.940206,"b","D 7",562.591
"96",96,"masouleh_EA2","exclosure","masouleh","N",1950,27,23.7,601,37.175876,48.940206,"b","D 8",336.423
"97",97,"masouleh_EA2","exclosure","masouleh","N",1950,27,23.7,601,37.175876,48.940206,"b","E 1",360.488
"98",98,"masouleh_EA2","exclosure","masouleh","N",1950,27,23.7,601,37.175876,48.940206,"b","E 2",253.106
"99",99,"masouleh_EA2","exclosure","masouleh","N",1950,27,23.7,601,37.175876,48.940206,"b","E 3",629.679
"100",100,"masouleh_EA2","exclosure","masouleh","N",1950,27,23.7,601,37.175876,48.940206,"b","E 4",623.09
"101",101,"masouleh_EA2","exclosure","masouleh","N",1950,27,23.7,601,37.175876,48.940206,"b","E 5",538.41
"102",102,"masouleh_EA2","exclosure","masouleh","N",1950,27,23.7,601,37.175876,48.940206,"b","E 6",351.222
"103",103,"masouleh_EA2","exclosure","masouleh","N",1950,27,23.7,601,37.175876,48.940206,"b","E 7",454.279
"104",104,"masouleh_EA2","exclosure","masouleh","N",1950,27,23.7,601,37.175876,48.940206,"b","E 8",294.094
"105",105,"masouleh_EA2","exclosure","masouleh","N",1950,27,23.7,601,37.175876,48.940206,"b","F 1",571.352
"106",106,"masouleh_EA2","exclosure","masouleh","N",1950,27,23.7,601,37.175876,48.940206,"b","F 2",291.904
"107",107,"masouleh_EA2","exclosure","masouleh","N",1950,27,23.7,601,37.175876,48.940206,"b","F 3",708.928
"108",108,"masouleh_EA2","exclosure","masouleh","N",1950,27,23.7,601,37.175876,48.940206,"b","F 4",621.45
"109",109,"masouleh_EA2","exclosure","masouleh","N",1950,27,23.7,601,37.175876,48.940206,"b","F 5",452.235
"110",110,"masouleh_EA2","exclosure","masouleh","N",1950,27,23.7,601,37.175876,48.940206,"b","F 6",440.49
"111",111,"masouleh_EA2","exclosure","masouleh","N",1950,27,23.7,601,37.175876,48.940206,"b","F 7",578.414
"112",112,"masouleh_EA2","exclosure","masouleh","N",1950,27,23.7,601,37.175876,48.940206,"b","F 8",315.891
"113",113,"masouleh_EA2","exclosure","masouleh","N",1950,27,23.7,601,37.175876,48.940206,"b","G 1",379.611
"114",114,"masouleh_EA2","exclosure","masouleh","N",1950,27,23.7,601,37.175876,48.940206,"b","G 2",519.955
"115",115,"masouleh_EA2","exclosure","masouleh","N",1950,27,23.7,601,37.175876,48.940206,"b","G 3",560.387
"116",116,"masouleh_EA2","exclosure","masouleh","N",1950,27,23.7,601,37.175876,48.940206,"b","G 4",580.647
"117",117,"masouleh_EA2","exclosure","masouleh","N",1950,27,23.7,601,37.175876,48.940206,"b","G 5",577.143
"118",118,"masouleh_EA2","exclosure","masouleh","N",1950,27,23.7,601,37.175876,48.940206,"b","G 6",518.743
"119",119,"masouleh_EA2","exclosure","masouleh","N",1950,27,23.7,601,37.175876,48.940206,"b","G 7",369.918
"120",120,"masouleh_EA2","exclosure","masouleh","N",1950,27,23.7,601,37.175876,48.940206,"b","G 8",397.3433
"121",121,"masouleh_EA2","exclosure","masouleh","N",1950,27,23.7,601,37.175876,48.940206,"b","H 1",334.688
"122",122,"masouleh_EA2","exclosure","masouleh","N",1950,27,23.7,601,37.175876,48.940206,"b","H 2",390.795
"123",123,"masouleh_EA2","exclosure","masouleh","N",1950,27,23.7,601,37.175876,48.940206,"b","H 3",458.818
"124",124,"masouleh_EA2","exclosure","masouleh","N",1950,27,23.7,601,37.175876,48.940206,"b","H 4",493.085
"125",125,"masouleh_EA2","exclosure","masouleh","N",1950,27,23.7,601,37.175876,48.940206,"b","H 5",477.702
"126",126,"masouleh_EA2","exclosure","masouleh","N",1950,27,23.7,601,37.175876,48.940206,"b","H 6",895.169
"127",127,"masouleh_EA2","exclosure","masouleh","N",1950,27,23.7,601,37.175876,48.940206,"b","H 7",568.184
"128",128,"masouleh_EA2","exclosure","masouleh","N",1950,27,23.7,601,37.175876,48.940206,"b","H 8",1068.098
"129",129,"masouleh_GA1","grazing","masouleh","SE",2216,60,16.6,502,37.169036,48.918775,"c","A 1",118.101
"130",130,"masouleh_GA1","grazing","masouleh","SE",2216,60,16.6,502,37.169036,48.918775,"c","A 2",187.581
"131",131,"masouleh_GA1","grazing","masouleh","SE",2216,60,16.6,502,37.169036,48.918775,"c","A 3",135.601
"132",132,"masouleh_GA1","grazing","masouleh","SE",2216,60,16.6,502,37.169036,48.918775,"c","A 4",128.391
"133",133,"masouleh_GA1","grazing","masouleh","SE",2216,60,16.6,502,37.169036,48.918775,"c","A 5",124.63002
"134",134,"masouleh_GA1","grazing","masouleh","SE",2216,60,16.6,502,37.169036,48.918775,"c","A 6",240.676
"135",135,"masouleh_GA1","grazing","masouleh","SE",2216,60,16.6,502,37.169036,48.918775,"c","A 7",236.277
"136",136,"masouleh_GA1","grazing","masouleh","SE",2216,60,16.6,502,37.169036,48.918775,"c","A 8",308.185
"137",137,"masouleh_GA1","grazing","masouleh","SE",2216,60,16.6,502,37.169036,48.918775,"c","B 1",143.7329
"138",138,"masouleh_GA1","grazing","masouleh","SE",2216,60,16.6,502,37.169036,48.918775,"c","B 2",194.918
"139",139,"masouleh_GA1","grazing","masouleh","SE",2216,60,16.6,502,37.169036,48.918775,"c","B 3",297.7832
"140",140,"masouleh_GA1","grazing","masouleh","SE",2216,60,16.6,502,37.169036,48.918775,"c","B 4",76.913
"141",141,"masouleh_GA1","grazing","masouleh","SE",2216,60,16.6,502,37.169036,48.918775,"c","B 5",199.5693
"142",142,"masouleh_GA1","grazing","masouleh","SE",2216,60,16.6,502,37.169036,48.918775,"c","B 6",310.1132
"143",143,"masouleh_GA1","grazing","masouleh","SE",2216,60,16.6,502,37.169036,48.918775,"c","B 7",255.259
"144",144,"masouleh_GA1","grazing","masouleh","SE",2216,60,16.6,502,37.169036,48.918775,"c","B 8",356.841
"145",145,"masouleh_GA1","grazing","masouleh","SE",2216,60,16.6,502,37.169036,48.918775,"c","C 1",116.526
"146",146,"masouleh_GA1","grazing","masouleh","SE",2216,60,16.6,502,37.169036,48.918775,"c","C 2",200.904
"147",147,"masouleh_GA1","grazing","masouleh","SE",2216,60,16.6,502,37.169036,48.918775,"c","C 3",286.33
"148",148,"masouleh_GA1","grazing","masouleh","SE",2216,60,16.6,502,37.169036,48.918775,"c","C 4",112.037
"149",149,"masouleh_GA1","grazing","masouleh","SE",2216,60,16.6,502,37.169036,48.918775,"c","C 5",107.1237
"150",150,"masouleh_GA1","grazing","masouleh","SE",2216,60,16.6,502,37.169036,48.918775,"c","C 6",287.297
"151",151,"masouleh_GA1","grazing","masouleh","SE",2216,60,16.6,502,37.169036,48.918775,"c","C 7",194.016
"152",152,"masouleh_GA1","grazing","masouleh","SE",2216,60,16.6,502,37.169036,48.918775,"c","C 8",178.487
"153",153,"masouleh_GA1","grazing","masouleh","SE",2216,60,16.6,502,37.169036,48.918775,"c","D 1",390.6565
"154",154,"masouleh_GA1","grazing","masouleh","SE",2216,60,16.6,502,37.169036,48.918775,"c","D 2",228.94
"155",155,"masouleh_GA1","grazing","masouleh","SE",2216,60,16.6,502,37.169036,48.918775,"c","D 3",314.558
"156",156,"masouleh_GA1","grazing","masouleh","SE",2216,60,16.6,502,37.169036,48.918775,"c","D 4",228.208
"157",157,"masouleh_GA1","grazing","masouleh","SE",2216,60,16.6,502,37.169036,48.918775,"c","D 5",153.3323
"158",158,"masouleh_GA1","grazing","masouleh","SE",2216,60,16.6,502,37.169036,48.918775,"c","D 6",143.3695
"159",159,"masouleh_GA1","grazing","masouleh","SE",2216,60,16.6,502,37.169036,48.918775,"c","D 7",309.187
"160",160,"masouleh_GA1","grazing","masouleh","SE",2216,60,16.6,502,37.169036,48.918775,"c","D 8",337.799
"161",161,"masouleh_GA1","grazing","masouleh","SE",2216,60,16.6,502,37.169036,48.918775,"c","E 1",249.025
"162",162,"masouleh_GA1","grazing","masouleh","SE",2216,60,16.6,502,37.169036,48.918775,"c","E 2",300.013
"163",163,"masouleh_GA1","grazing","masouleh","SE",2216,60,16.6,502,37.169036,48.918775,"c","E 3",183.815
"164",164,"masouleh_GA1","grazing","masouleh","SE",2216,60,16.6,502,37.169036,48.918775,"c","E 4",210.5385
"165",165,"masouleh_GA1","grazing","masouleh","SE",2216,60,16.6,502,37.169036,48.918775,"c","E 5",146.614
"166",166,"masouleh_GA1","grazing","masouleh","SE",2216,60,16.6,502,37.169036,48.918775,"c","E 6",254.595
"167",167,"masouleh_GA1","grazing","masouleh","SE",2216,60,16.6,502,37.169036,48.918775,"c","E 7",325.9
"168",168,"masouleh_GA1","grazing","masouleh","SE",2216,60,16.6,502,37.169036,48.918775,"c","E 8",127.276
"169",169,"masouleh_GA1","grazing","masouleh","SE",2216,60,16.6,502,37.169036,48.918775,"c","F 1",211.929
"170",170,"masouleh_GA1","grazing","masouleh","SE",2216,60,16.6,502,37.169036,48.918775,"c","F 2",214.106
"171",171,"masouleh_GA1","grazing","masouleh","SE",2216,60,16.6,502,37.169036,48.918775,"c","F 3",109.8692
"172",172,"masouleh_GA1","grazing","masouleh","SE",2216,60,16.6,502,37.169036,48.918775,"c","F 4",103.695
"173",173,"masouleh_GA1","grazing","masouleh","SE",2216,60,16.6,502,37.169036,48.918775,"c","F 5",229.004
"174",174,"masouleh_GA1","grazing","masouleh","SE",2216,60,16.6,502,37.169036,48.918775,"c","F 6",299.255
"175",175,"masouleh_GA1","grazing","masouleh","SE",2216,60,16.6,502,37.169036,48.918775,"c","F 7",344.667
"176",176,"masouleh_GA1","grazing","masouleh","SE",2216,60,16.6,502,37.169036,48.918775,"c","F 8",62.918
"177",177,"masouleh_GA1","grazing","masouleh","SE",2216,60,16.6,502,37.169036,48.918775,"c","G 1",268.854
"178",178,"masouleh_GA1","grazing","masouleh","SE",2216,60,16.6,502,37.169036,48.918775,"c","G 2",383.156
"179",179,"masouleh_GA1","grazing","masouleh","SE",2216,60,16.6,502,37.169036,48.918775,"c","G 3",170.4973
"180",180,"masouleh_GA1","grazing","masouleh","SE",2216,60,16.6,502,37.169036,48.918775,"c","G 4",193.3555
"181",181,"masouleh_GA1","grazing","masouleh","SE",2216,60,16.6,502,37.169036,48.918775,"c","G 5",153.0099
"182",182,"masouleh_GA1","grazing","masouleh","SE",2216,60,16.6,502,37.169036,48.918775,"c","G 6",209.649
"183",183,"masouleh_GA1","grazing","masouleh","SE",2216,60,16.6,502,37.169036,48.918775,"c","G 7",305.1
"184",184,"masouleh_GA1","grazing","masouleh","SE",2216,60,16.6,502,37.169036,48.918775,"c","G 8",87.36
"185",185,"masouleh_GA1","grazing","masouleh","SE",2216,60,16.6,502,37.169036,48.918775,"c","H 1",314.065
"186",186,"masouleh_GA1","grazing","masouleh","SE",2216,60,16.6,502,37.169036,48.918775,"c","H 2",334.513
"187",187,"masouleh_GA1","grazing","masouleh","SE",2216,60,16.6,502,37.169036,48.918775,"c","H 3",117.99
"188",188,"masouleh_GA1","grazing","masouleh","SE",2216,60,16.6,502,37.169036,48.918775,"c","H 4",157.18
"189",189,"masouleh_GA1","grazing","masouleh","SE",2216,60,16.6,502,37.169036,48.918775,"c","H 5",201.698
"190",190,"masouleh_GA1","grazing","masouleh","SE",2216,60,16.6,502,37.169036,48.918775,"c","H 6",221.611
"191",191,"masouleh_GA1","grazing","masouleh","SE",2216,60,16.6,502,37.169036,48.918775,"c","H 7",150.634
"192",192,"masouleh_GA1","grazing","masouleh","SE",2216,60,16.6,502,37.169036,48.918775,"c","H 8",112.28
"193",193,"masouleh_GA2","grazing","masouleh","NE",2188,5,16.6,502,37.169202,48.920883,"c","A 1",455.436
"194",194,"masouleh_GA2","grazing","masouleh","NE",2188,5,16.6,502,37.169202,48.920883,"c","A 2",824.367
"195",195,"masouleh_GA2","grazing","masouleh","NE",2188,5,16.6,502,37.169202,48.920883,"c","A 3",842.895
"196",196,"masouleh_GA2","grazing","masouleh","NE",2188,5,16.6,502,37.169202,48.920883,"c","A 4",603.905
"197",197,"masouleh_GA2","grazing","masouleh","NE",2188,5,16.6,502,37.169202,48.920883,"c","A 5",589.858
"198",198,"masouleh_GA2","grazing","masouleh","NE",2188,5,16.6,502,37.169202,48.920883,"c","A 6",377.144
"199",199,"masouleh_GA2","grazing","masouleh","NE",2188,5,16.6,502,37.169202,48.920883,"c","A 7",545.477
"200",200,"masouleh_GA2","grazing","masouleh","NE",2188,5,16.6,502,37.169202,48.920883,"c","A 8",706.646
"201",201,"masouleh_GA2","grazing","masouleh","NE",2188,5,16.6,502,37.169202,48.920883,"c","B 1",15.88
"202",202,"masouleh_GA2","grazing","masouleh","NE",2188,5,16.6,502,37.169202,48.920883,"c","B 2",789.125
"203",203,"masouleh_GA2","grazing","masouleh","NE",2188,5,16.6,502,37.169202,48.920883,"c","B 3",576.659
"204",204,"masouleh_GA2","grazing","masouleh","NE",2188,5,16.6,502,37.169202,48.920883,"c","B 4",566.82
"205",205,"masouleh_GA2","grazing","masouleh","NE",2188,5,16.6,502,37.169202,48.920883,"c","B 5",463.294
"206",206,"masouleh_GA2","grazing","masouleh","NE",2188,5,16.6,502,37.169202,48.920883,"c","B 6",559.568
"207",207,"masouleh_GA2","grazing","masouleh","NE",2188,5,16.6,502,37.169202,48.920883,"c","B 7",358.246
"208",208,"masouleh_GA2","grazing","masouleh","NE",2188,5,16.6,502,37.169202,48.920883,"c","B 8",496.692
"209",209,"masouleh_GA2","grazing","masouleh","NE",2188,5,16.6,502,37.169202,48.920883,"c","C 1",535.325
"210",210,"masouleh_GA2","grazing","masouleh","NE",2188,5,16.6,502,37.169202,48.920883,"c","C 2",641.797
"211",211,"masouleh_GA2","grazing","masouleh","NE",2188,5,16.6,502,37.169202,48.920883,"c","C 3",595.096
"212",212,"masouleh_GA2","grazing","masouleh","NE",2188,5,16.6,502,37.169202,48.920883,"c","C 4",692.002
"213",213,"masouleh_GA2","grazing","masouleh","NE",2188,5,16.6,502,37.169202,48.920883,"c","C 5",606.519
"214",214,"masouleh_GA2","grazing","masouleh","NE",2188,5,16.6,502,37.169202,48.920883,"c","C 6",342.508
"215",215,"masouleh_GA2","grazing","masouleh","NE",2188,5,16.6,502,37.169202,48.920883,"c","C 7",286.652
"216",216,"masouleh_GA2","grazing","masouleh","NE",2188,5,16.6,502,37.169202,48.920883,"c","C 8",458.336
"217",217,"masouleh_GA2","grazing","masouleh","NE",2188,5,16.6,502,37.169202,48.920883,"c","D 1",34.9
"218",218,"masouleh_GA2","grazing","masouleh","NE",2188,5,16.6,502,37.169202,48.920883,"c","D 2",734.928
"219",219,"masouleh_GA2","grazing","masouleh","NE",2188,5,16.6,502,37.169202,48.920883,"c","D 3",540.629
"220",220,"masouleh_GA2","grazing","masouleh","NE",2188,5,16.6,502,37.169202,48.920883,"c","D 4",877.322
"221",221,"masouleh_GA2","grazing","masouleh","NE",2188,5,16.6,502,37.169202,48.920883,"c","D 5",708.526
"222",222,"masouleh_GA2","grazing","masouleh","NE",2188,5,16.6,502,37.169202,48.920883,"c","D 6",422.837
"223",223,"masouleh_GA2","grazing","masouleh","NE",2188,5,16.6,502,37.169202,48.920883,"c","D 7",595.839
"224",224,"masouleh_GA2","grazing","masouleh","NE",2188,5,16.6,502,37.169202,48.920883,"c","D 8",423.968
"225",225,"masouleh_GA2","grazing","masouleh","NE",2188,5,16.6,502,37.169202,48.920883,"c","E 1",811.359
"226",226,"masouleh_GA2","grazing","masouleh","NE",2188,5,16.6,502,37.169202,48.920883,"c","E 2",668.464
"227",227,"masouleh_GA2","grazing","masouleh","NE",2188,5,16.6,502,37.169202,48.920883,"c","E 3",698.526
"228",228,"masouleh_GA2","grazing","masouleh","NE",2188,5,16.6,502,37.169202,48.920883,"c","E 4",398.924
"229",229,"masouleh_GA2","grazing","masouleh","NE",2188,5,16.6,502,37.169202,48.920883,"c","E 5",375.109
"230",230,"masouleh_GA2","grazing","masouleh","NE",2188,5,16.6,502,37.169202,48.920883,"c","E 6",319.5
"231",231,"masouleh_GA2","grazing","masouleh","NE",2188,5,16.6,502,37.169202,48.920883,"c","E 7",636.756
"232",232,"masouleh_GA2","grazing","masouleh","NE",2188,5,16.6,502,37.169202,48.920883,"c","E 8",499.94
"233",233,"masouleh_GA2","grazing","masouleh","NE",2188,5,16.6,502,37.169202,48.920883,"c","F 2",749.81
"234",234,"masouleh_GA2","grazing","masouleh","NE",2188,5,16.6,502,37.169202,48.920883,"c","F 3",544.588
"235",235,"masouleh_GA2","grazing","masouleh","NE",2188,5,16.6,502,37.169202,48.920883,"c","F 4",563.349
"236",236,"masouleh_GA2","grazing","masouleh","NE",2188,5,16.6,502,37.169202,48.920883,"c","F 5",401.308
"237",237,"masouleh_GA2","grazing","masouleh","NE",2188,5,16.6,502,37.169202,48.920883,"c","F 6",359.587
"238",238,"masouleh_GA2","grazing","masouleh","NE",2188,5,16.6,502,37.169202,48.920883,"c","F 7",651.897
"239",239,"masouleh_GA2","grazing","masouleh","NE",2188,5,16.6,502,37.169202,48.920883,"c","F 8",335.654
"240",240,"masouleh_GA2","grazing","masouleh","NE",2188,5,16.6,502,37.169202,48.920883,"c","G 1",494.335
"241",241,"masouleh_GA2","grazing","masouleh","NE",2188,5,16.6,502,37.169202,48.920883,"c","G 2",663.143
"242",242,"masouleh_GA2","grazing","masouleh","NE",2188,5,16.6,502,37.169202,48.920883,"c","G 3",565.923
"243",243,"masouleh_GA2","grazing","masouleh","NE",2188,5,16.6,502,37.169202,48.920883,"c","G 4",460.597
"244",244,"masouleh_GA2","grazing","masouleh","NE",2188,5,16.6,502,37.169202,48.920883,"c","G 5",403.881
"245",245,"masouleh_GA2","grazing","masouleh","NE",2188,5,16.6,502,37.169202,48.920883,"c","G 6",275.176
"246",246,"masouleh_GA2","grazing","masouleh","NE",2188,5,16.6,502,37.169202,48.920883,"c","G 7",463.53
"247",247,"masouleh_GA2","grazing","masouleh","NE",2188,5,16.6,502,37.169202,48.920883,"c","G 8",425.105
"248",248,"masouleh_GA2","grazing","masouleh","NE",2188,5,16.6,502,37.169202,48.920883,"c","H 2",416.1
"249",249,"masouleh_GA2","grazing","masouleh","NE",2188,5,16.6,502,37.169202,48.920883,"c","H 3",467.783
"250",250,"masouleh_GA2","grazing","masouleh","NE",2188,5,16.6,502,37.169202,48.920883,"c","H 4",891.786
"251",251,"masouleh_GA2","grazing","masouleh","NE",2188,5,16.6,502,37.169202,48.920883,"c","H 5",678.717
"252",252,"masouleh_GA2","grazing","masouleh","NE",2188,5,16.6,502,37.169202,48.920883,"c","H 6",465.665
"253",253,"masouleh_GA2","grazing","masouleh","NE",2188,5,16.6,502,37.169202,48.920883,"c","H 7",466.847
"254",254,"masouleh_GA2","grazing","masouleh","NE",2188,5,16.6,502,37.169202,48.920883,"c","H 8",238.757
"255",255,"maz_java_EA1","exclosure","maz_java","E",1838,10,13,675,36.85629,50.470124,"b","A 1",353.436
"256",256,"maz_java_EA1","exclosure","maz_java","E",1838,10,13,675,36.85629,50.470124,"b","A 2",590.751
"257",257,"maz_java_EA1","exclosure","maz_java","E",1838,10,13,675,36.85629,50.470124,"b","A 3",400.072
"258",258,"maz_java_EA1","exclosure","maz_java","E",1838,10,13,675,36.85629,50.470124,"b","A 4",755.346
"259",259,"maz_java_EA1","exclosure","maz_java","E",1838,10,13,675,36.85629,50.470124,"b","A 5",388.508
"260",260,"maz_java_EA1","exclosure","maz_java","E",1838,10,13,675,36.85629,50.470124,"b","A 6",650.839
"261",261,"maz_java_EA1","exclosure","maz_java","E",1838,10,13,675,36.85629,50.470124,"b","A 7",578.186
"262",262,"maz_java_EA1","exclosure","maz_java","E",1838,10,13,675,36.85629,50.470124,"b","A 8",860.394
"263",263,"maz_java_EA1","exclosure","maz_java","E",1838,10,13,675,36.85629,50.470124,"b","B 1",721.027
"264",264,"maz_java_EA1","exclosure","maz_java","E",1838,10,13,675,36.85629,50.470124,"b","B 2",669.247
"265",265,"maz_java_EA1","exclosure","maz_java","E",1838,10,13,675,36.85629,50.470124,"b","B 3",588.618
"266",266,"maz_java_EA1","exclosure","maz_java","E",1838,10,13,675,36.85629,50.470124,"b","B 4",470.234
"267",267,"maz_java_EA1","exclosure","maz_java","E",1838,10,13,675,36.85629,50.470124,"b","B 5",763.461
"268",268,"maz_java_EA1","exclosure","maz_java","E",1838,10,13,675,36.85629,50.470124,"b","B 6",410.727
"269",269,"maz_java_EA1","exclosure","maz_java","E",1838,10,13,675,36.85629,50.470124,"b","B 7",795.696
"270",270,"maz_java_EA1","exclosure","maz_java","E",1838,10,13,675,36.85629,50.470124,"b","B 8",551.769
"271",271,"maz_java_EA1","exclosure","maz_java","E",1838,10,13,675,36.85629,50.470124,"b","C 1",978.288
"272",272,"maz_java_EA1","exclosure","maz_java","E",1838,10,13,675,36.85629,50.470124,"b","C 2",703.737
"273",273,"maz_java_EA1","exclosure","maz_java","E",1838,10,13,675,36.85629,50.470124,"b","C 3",446.346
"274",274,"maz_java_EA1","exclosure","maz_java","E",1838,10,13,675,36.85629,50.470124,"b","C 4",614.225
"275",275,"maz_java_EA1","exclosure","maz_java","E",1838,10,13,675,36.85629,50.470124,"b","C 5",664.925
"276",276,"maz_java_EA1","exclosure","maz_java","E",1838,10,13,675,36.85629,50.470124,"b","C 6",335.217
"277",277,"maz_java_EA1","exclosure","maz_java","E",1838,10,13,675,36.85629,50.470124,"b","C 7",905.048
"278",278,"maz_java_EA1","exclosure","maz_java","E",1838,10,13,675,36.85629,50.470124,"b","C 8",655.364
"279",279,"maz_java_EA1","exclosure","maz_java","E",1838,10,13,675,36.85629,50.470124,"b","D 1",779.338
"280",280,"maz_java_EA1","exclosure","maz_java","E",1838,10,13,675,36.85629,50.470124,"b","D 2",870.532
"281",281,"maz_java_EA1","exclosure","maz_java","E",1838,10,13,675,36.85629,50.470124,"b","D 3",547.969
"282",282,"maz_java_EA1","exclosure","maz_java","E",1838,10,13,675,36.85629,50.470124,"b","D 4",372.229
"283",283,"maz_java_EA1","exclosure","maz_java","E",1838,10,13,675,36.85629,50.470124,"b","D 5",507.868
"284",284,"maz_java_EA1","exclosure","maz_java","E",1838,10,13,675,36.85629,50.470124,"b","D 6",517.894
"285",285,"maz_java_EA1","exclosure","maz_java","E",1838,10,13,675,36.85629,50.470124,"b","D 7",758.84
"286",286,"maz_java_EA1","exclosure","maz_java","E",1838,10,13,675,36.85629,50.470124,"b","D 8",814.921
"287",287,"maz_java_EA1","exclosure","maz_java","E",1838,10,13,675,36.85629,50.470124,"b","E 1",731.701
"288",288,"maz_java_EA1","exclosure","maz_java","E",1838,10,13,675,36.85629,50.470124,"b","E 2",602.661
"289",289,"maz_java_EA1","exclosure","maz_java","E",1838,10,13,675,36.85629,50.470124,"b","E 3",663.194
"290",290,"maz_java_EA1","exclosure","maz_java","E",1838,10,13,675,36.85629,50.470124,"b","E 4",513.224
"291",291,"maz_java_EA1","exclosure","maz_java","E",1838,10,13,675,36.85629,50.470124,"b","E 5",705.711
"292",292,"maz_java_EA1","exclosure","maz_java","E",1838,10,13,675,36.85629,50.470124,"b","E 6",588.682
"293",293,"maz_java_EA1","exclosure","maz_java","E",1838,10,13,675,36.85629,50.470124,"b","E 7",883.681
"294",294,"maz_java_EA1","exclosure","maz_java","E",1838,10,13,675,36.85629,50.470124,"b","E 8",791.439
"295",295,"maz_java_EA1","exclosure","maz_java","E",1838,10,13,675,36.85629,50.470124,"b","F 1",828.896
"296",296,"maz_java_EA1","exclosure","maz_java","E",1838,10,13,675,36.85629,50.470124,"b","F 2",745.508
"297",297,"maz_java_EA1","exclosure","maz_java","E",1838,10,13,675,36.85629,50.470124,"b","F 3",847.811
"298",298,"maz_java_EA1","exclosure","maz_java","E",1838,10,13,675,36.85629,50.470124,"b","F 4",553.773
"299",299,"maz_java_EA1","exclosure","maz_java","E",1838,10,13,675,36.85629,50.470124,"b","F 5",627.996
"300",300,"maz_java_EA1","exclosure","maz_java","E",1838,10,13,675,36.85629,50.470124,"b","F 6",492.142
"301",301,"maz_java_EA1","exclosure","maz_java","E",1838,10,13,675,36.85629,50.470124,"b","F 7",647.815
"302",302,"maz_java_EA1","exclosure","maz_java","E",1838,10,13,675,36.85629,50.470124,"b","F 8",722.675
"303",303,"maz_java_EA1","exclosure","maz_java","E",1838,10,13,675,36.85629,50.470124,"b","G 1",517.411
"304",304,"maz_java_EA1","exclosure","maz_java","E",1838,10,13,675,36.85629,50.470124,"b","G 2",568.69
"305",305,"maz_java_EA1","exclosure","maz_java","E",1838,10,13,675,36.85629,50.470124,"b","G 3",300.556
"306",306,"maz_java_EA1","exclosure","maz_java","E",1838,10,13,675,36.85629,50.470124,"b","G 4",239.26
"307",307,"maz_java_EA1","exclosure","maz_java","E",1838,10,13,675,36.85629,50.470124,"b","G 5",303.075
"308",308,"maz_java_EA1","exclosure","maz_java","E",1838,10,13,675,36.85629,50.470124,"b","G 6",347.313
"309",309,"maz_java_EA1","exclosure","maz_java","E",1838,10,13,675,36.85629,50.470124,"b","G 7",634.347
"310",310,"maz_java_EA1","exclosure","maz_java","E",1838,10,13,675,36.85629,50.470124,"b","G 8",725.837
"311",311,"maz_java_EA1","exclosure","maz_java","E",1838,10,13,675,36.85629,50.470124,"b","H 1",360.014
"312",312,"maz_java_EA1","exclosure","maz_java","E",1838,10,13,675,36.85629,50.470124,"b","H 2",383.074
"313",313,"maz_java_EA1","exclosure","maz_java","E",1838,10,13,675,36.85629,50.470124,"b","H 3",340.534
"314",314,"maz_java_EA1","exclosure","maz_java","E",1838,10,13,675,36.85629,50.470124,"b","H 4",364.462
"315",315,"maz_java_EA1","exclosure","maz_java","E",1838,10,13,675,36.85629,50.470124,"b","H 5",288.647
"316",316,"maz_java_EA1","exclosure","maz_java","E",1838,10,13,675,36.85629,50.470124,"b","H 6",313.873
"317",317,"maz_java_EA1","exclosure","maz_java","E",1838,10,13,675,36.85629,50.470124,"b","H 7",595.822
"318",318,"maz_java_GA1","grazing","maz_java","SW",2347,60,11,670,36.866934,50.448812,"c","A 1",697.819
"319",319,"maz_java_GA1","grazing","maz_java","SW",2347,60,11,670,36.866934,50.448812,"c","A 2",841.927
"320",320,"maz_java_GA1","grazing","maz_java","SW",2347,60,11,670,36.866934,50.448812,"c","A 3",878.005
"321",321,"maz_java_GA1","grazing","maz_java","SW",2347,60,11,670,36.866934,50.448812,"c","A 4",987.773
"322",322,"maz_java_GA1","grazing","maz_java","SW",2347,60,11,670,36.866934,50.448812,"c","A 5",644.411
"323",323,"maz_java_GA1","grazing","maz_java","SW",2347,60,11,670,36.866934,50.448812,"c","A 6",621.99
"324",324,"maz_java_GA1","grazing","maz_java","SW",2347,60,11,670,36.866934,50.448812,"c","A 7",675.798
"325",325,"maz_java_GA1","grazing","maz_java","SW",2347,60,11,670,36.866934,50.448812,"c","A 8",654.83
"326",326,"maz_java_GA1","grazing","maz_java","SW",2347,60,11,670,36.866934,50.448812,"c","B 1",757.392
"327",327,"maz_java_GA1","grazing","maz_java","SW",2347,60,11,670,36.866934,50.448812,"c","B 2",577.699
"328",328,"maz_java_GA1","grazing","maz_java","SW",2347,60,11,670,36.866934,50.448812,"c","B 3",817.818
"329",329,"maz_java_GA1","grazing","maz_java","SW",2347,60,11,670,36.866934,50.448812,"c","B 4",808.51
"330",330,"maz_java_GA1","grazing","maz_java","SW",2347,60,11,670,36.866934,50.448812,"c","B 5",702.948
"331",331,"maz_java_GA1","grazing","maz_java","SW",2347,60,11,670,36.866934,50.448812,"c","B 6",779.286
"332",332,"maz_java_GA1","grazing","maz_java","SW",2347,60,11,670,36.866934,50.448812,"c","B 7",835.874
"333",333,"maz_java_GA1","grazing","maz_java","SW",2347,60,11,670,36.866934,50.448812,"c","B 8",806.928
"334",334,"maz_java_GA1","grazing","maz_java","SW",2347,60,11,670,36.866934,50.448812,"c","C 1",751.566
"335",335,"maz_java_GA1","grazing","maz_java","SW",2347,60,11,670,36.866934,50.448812,"c","C 2",834.456
"336",336,"maz_java_GA1","grazing","maz_java","SW",2347,60,11,670,36.866934,50.448812,"c","C 3",375.004
"337",337,"maz_java_GA1","grazing","maz_java","SW",2347,60,11,670,36.866934,50.448812,"c","C 4",644.077
"338",338,"maz_java_GA1","grazing","maz_java","SW",2347,60,11,670,36.866934,50.448812,"c","C 5",916.49
"339",339,"maz_java_GA1","grazing","maz_java","SW",2347,60,11,670,36.866934,50.448812,"c","C 6",649.493
"340",340,"maz_java_GA1","grazing","maz_java","SW",2347,60,11,670,36.866934,50.448812,"c","C 7",676.729
"341",341,"maz_java_GA1","grazing","maz_java","SW",2347,60,11,670,36.866934,50.448812,"c","C 8",695.02
"342",342,"maz_java_GA1","grazing","maz_java","SW",2347,60,11,670,36.866934,50.448812,"c","D 1",812.778
"343",343,"maz_java_GA1","grazing","maz_java","SW",2347,60,11,670,36.866934,50.448812,"c","D 2",919.558
"344",344,"maz_java_GA1","grazing","maz_java","SW",2347,60,11,670,36.866934,50.448812,"c","D 3",822.868
"345",345,"maz_java_GA1","grazing","maz_java","SW",2347,60,11,670,36.866934,50.448812,"c","D 4",686.586
"346",346,"maz_java_GA1","grazing","maz_java","SW",2347,60,11,670,36.866934,50.448812,"c","D 5",681.859
"347",347,"maz_java_GA1","grazing","maz_java","SW",2347,60,11,670,36.866934,50.448812,"c","D 6",1020.693
"348",348,"maz_java_GA1","grazing","maz_java","SW",2347,60,11,670,36.866934,50.448812,"c","D 7",830.405
"349",349,"maz_java_GA1","grazing","maz_java","SW",2347,60,11,670,36.866934,50.448812,"c","D 8",805.52
"350",350,"maz_java_GA1","grazing","maz_java","SW",2347,60,11,670,36.866934,50.448812,"c","E 1",849.373
"351",351,"maz_java_GA1","grazing","maz_java","SW",2347,60,11,670,36.866934,50.448812,"c","E 2",991.138
"352",352,"maz_java_GA1","grazing","maz_java","SW",2347,60,11,670,36.866934,50.448812,"c","E 3",943.64
"353",353,"maz_java_GA1","grazing","maz_java","SW",2347,60,11,670,36.866934,50.448812,"c","E 4",865.023
"354",354,"maz_java_GA1","grazing","maz_java","SW",2347,60,11,670,36.866934,50.448812,"c","E 5",727.255
"355",355,"maz_java_GA1","grazing","maz_java","SW",2347,60,11,670,36.866934,50.448812,"c","E 6",638.208
"356",356,"maz_java_GA1","grazing","maz_java","SW",2347,60,11,670,36.866934,50.448812,"c","E 7",732.351
"357",357,"maz_java_GA1","grazing","maz_java","SW",2347,60,11,670,36.866934,50.448812,"c","E 8",858.324
"358",358,"maz_java_GA1","grazing","maz_java","SW",2347,60,11,670,36.866934,50.448812,"c","F 1",731.863
"359",359,"maz_java_GA1","grazing","maz_java","SW",2347,60,11,670,36.866934,50.448812,"c","F 2",1069.426
"360",360,"maz_java_GA1","grazing","maz_java","SW",2347,60,11,670,36.866934,50.448812,"c","F 3",971.915
"361",361,"maz_java_GA1","grazing","maz_java","SW",2347,60,11,670,36.866934,50.448812,"c","F 4",607.081
"362",362,"maz_java_GA1","grazing","maz_java","SW",2347,60,11,670,36.866934,50.448812,"c","F 5",787.817
"363",363,"maz_java_GA1","grazing","maz_java","SW",2347,60,11,670,36.866934,50.448812,"c","F 6",991.432
"364",364,"maz_java_GA1","grazing","maz_java","SW",2347,60,11,670,36.866934,50.448812,"c","F 7",756.653
"365",365,"maz_java_GA1","grazing","maz_java","SW",2347,60,11,670,36.866934,50.448812,"c","F 8",817.577
"366",366,"maz_java_GA1","grazing","maz_java","SW",2347,60,11,670,36.866934,50.448812,"c","G 1",743.102
"367",367,"maz_java_GA1","grazing","maz_java","SW",2347,60,11,670,36.866934,50.448812,"c","G 2",1062.077
"368",368,"maz_java_GA1","grazing","maz_java","SW",2347,60,11,670,36.866934,50.448812,"c","G 3",794.179
"369",369,"maz_java_GA1","grazing","maz_java","SW",2347,60,11,670,36.866934,50.448812,"c","G 4",516.983
"370",370,"maz_java_GA1","grazing","maz_java","SW",2347,60,11,670,36.866934,50.448812,"c","G 5",947.941
"371",371,"maz_java_GA1","grazing","maz_java","SW",2347,60,11,670,36.866934,50.448812,"c","G 6",802.655
"372",372,"maz_java_GA1","grazing","maz_java","SW",2347,60,11,670,36.866934,50.448812,"c","G 7",746.121
"373",373,"maz_java_GA1","grazing","maz_java","SW",2347,60,11,670,36.866934,50.448812,"c","G 8",770.568
"374",374,"maz_java_GA1","grazing","maz_java","SW",2347,60,11,670,36.866934,50.448812,"c","H 1",650.813
"375",375,"maz_java_GA1","grazing","maz_java","SW",2347,60,11,670,36.866934,50.448812,"c","H 2",1070.816
"376",376,"maz_java_GA1","grazing","maz_java","SW",2347,60,11,670,36.866934,50.448812,"c","H 3",1000.288
"377",377,"maz_java_GA1","grazing","maz_java","SW",2347,60,11,670,36.866934,50.448812,"c","H 4",957.163
"378",378,"maz_java_GA1","grazing","maz_java","SW",2347,60,11,670,36.866934,50.448812,"c","H 5",1222.301
"379",379,"maz_java_GA1","grazing","maz_java","SW",2347,60,11,670,36.866934,50.448812,"c","H 6",724.681
"380",380,"maz_java_GA1","grazing","maz_java","SW",2347,60,11,670,36.866934,50.448812,"c","H 7",498.203
"381",381,"maz_java_GA1","grazing","maz_java","SW",2347,60,11,670,36.866934,50.448812,"c","H 8",679.236
"382",382,"maz_java_GA2","grazing","maz_java","SW",2658,70,11,670,36.850133,50.436617,"d","A 1",803.301
"383",383,"maz_java_GA2","grazing","maz_java","SW",2658,70,11,670,36.850133,50.436617,"d","A 2",527.392
"384",384,"maz_java_GA2","grazing","maz_java","SW",2658,70,11,670,36.850133,50.436617,"d","A 3",504.35
"385",385,"maz_java_GA2","grazing","maz_java","SW",2658,70,11,670,36.850133,50.436617,"d","A 4",457.81
"386",386,"maz_java_GA2","grazing","maz_java","SW",2658,70,11,670,36.850133,50.436617,"d","A 5",431.156
"387",387,"maz_java_GA2","grazing","maz_java","SW",2658,70,11,670,36.850133,50.436617,"d","A 6",789.416
"388",388,"maz_java_GA2","grazing","maz_java","SW",2658,70,11,670,36.850133,50.436617,"d","A 7",492.611
"389",389,"maz_java_GA2","grazing","maz_java","SW",2658,70,11,670,36.850133,50.436617,"d","A 8",486.895
"390",390,"maz_java_GA2","grazing","maz_java","SW",2658,70,11,670,36.850133,50.436617,"d","B 1",661.525
"391",391,"maz_java_GA2","grazing","maz_java","SW",2658,70,11,670,36.850133,50.436617,"d","B 2",654.446
"392",392,"maz_java_GA2","grazing","maz_java","SW",2658,70,11,670,36.850133,50.436617,"d","B 3",403.193
"393",393,"maz_java_GA2","grazing","maz_java","SW",2658,70,11,670,36.850133,50.436617,"d","B 4",660.274
"394",394,"maz_java_GA2","grazing","maz_java","SW",2658,70,11,670,36.850133,50.436617,"d","B 5",684.188
"395",395,"maz_java_GA2","grazing","maz_java","SW",2658,70,11,670,36.850133,50.436617,"d","B 6",570.347
"396",396,"maz_java_GA2","grazing","maz_java","SW",2658,70,11,670,36.850133,50.436617,"d","B 7",391.662
"397",397,"maz_java_GA2","grazing","maz_java","SW",2658,70,11,670,36.850133,50.436617,"d","B 8",364.448
"398",398,"maz_java_GA2","grazing","maz_java","SW",2658,70,11,670,36.850133,50.436617,"d","C 1",608.324
"399",399,"maz_java_GA2","grazing","maz_java","SW",2658,70,11,670,36.850133,50.436617,"d","C 2",623.832
"400",400,"maz_java_GA2","grazing","maz_java","SW",2658,70,11,670,36.850133,50.436617,"d","C 3",633.717
"401",401,"maz_java_GA2","grazing","maz_java","SW",2658,70,11,670,36.850133,50.436617,"d","C 4",835.572
"402",402,"maz_java_GA2","grazing","maz_java","SW",2658,70,11,670,36.850133,50.436617,"d","C 5",409.803
"403",403,"maz_java_GA2","grazing","maz_java","SW",2658,70,11,670,36.850133,50.436617,"d","C 6",974.343
"404",404,"maz_java_GA2","grazing","maz_java","SW",2658,70,11,670,36.850133,50.436617,"d","C 7",463.262
"405",405,"maz_java_GA2","grazing","maz_java","SW",2658,70,11,670,36.850133,50.436617,"d","C 8",328.178
"406",406,"maz_java_GA2","grazing","maz_java","SW",2658,70,11,670,36.850133,50.436617,"d","D 1",835.618
"407",407,"maz_java_GA2","grazing","maz_java","SW",2658,70,11,670,36.850133,50.436617,"d","D 2",739.105
"408",408,"maz_java_GA2","grazing","maz_java","SW",2658,70,11,670,36.850133,50.436617,"d","D 3",566.333
"409",409,"maz_java_GA2","grazing","maz_java","SW",2658,70,11,670,36.850133,50.436617,"d","D 4",668.782
"410",410,"maz_java_GA2","grazing","maz_java","SW",2658,70,11,670,36.850133,50.436617,"d","D 5",581.726
"411",411,"maz_java_GA2","grazing","maz_java","SW",2658,70,11,670,36.850133,50.436617,"d","D 6",487.823
"412",412,"maz_java_GA2","grazing","maz_java","SW",2658,70,11,670,36.850133,50.436617,"d","D 7",546.604
"413",413,"maz_java_GA2","grazing","maz_java","SW",2658,70,11,670,36.850133,50.436617,"d","D 8",361.864
"414",414,"maz_java_GA2","grazing","maz_java","SW",2658,70,11,670,36.850133,50.436617,"d","E 1",849.578
"415",415,"maz_java_GA2","grazing","maz_java","SW",2658,70,11,670,36.850133,50.436617,"d","E 2",934.522
"416",416,"maz_java_GA2","grazing","maz_java","SW",2658,70,11,670,36.850133,50.436617,"d","E 3",817.433
"417",417,"maz_java_GA2","grazing","maz_java","SW",2658,70,11,670,36.850133,50.436617,"d","E 4",816.612
"418",418,"maz_java_GA2","grazing","maz_java","SW",2658,70,11,670,36.850133,50.436617,"d","E 5",710.967
"419",419,"maz_java_GA2","grazing","maz_java","SW",2658,70,11,670,36.850133,50.436617,"d","E 6",675.351
"420",420,"maz_java_GA2","grazing","maz_java","SW",2658,70,11,670,36.850133,50.436617,"d","E 7",577.461
"421",421,"maz_java_GA2","grazing","maz_java","SW",2658,70,11,670,36.850133,50.436617,"d","E 8",789.396
"422",422,"maz_java_GA2","grazing","maz_java","SW",2658,70,11,670,36.850133,50.436617,"d","F 1",866.683
"423",423,"maz_java_GA2","grazing","maz_java","SW",2658,70,11,670,36.850133,50.436617,"d","F 2",877.331
"424",424,"maz_java_GA2","grazing","maz_java","SW",2658,70,11,670,36.850133,50.436617,"d","F 3",651.176
"425",425,"maz_java_GA2","grazing","maz_java","SW",2658,70,11,670,36.850133,50.436617,"d","F 4",702.408
"426",426,"maz_java_GA2","grazing","maz_java","SW",2658,70,11,670,36.850133,50.436617,"d","F 5",660.777
"427",427,"maz_java_GA2","grazing","maz_java","SW",2658,70,11,670,36.850133,50.436617,"d","F 6",656.627
"428",428,"maz_java_GA2","grazing","maz_java","SW",2658,70,11,670,36.850133,50.436617,"d","F 7",368.055
"429",429,"maz_java_GA2","grazing","maz_java","SW",2658,70,11,670,36.850133,50.436617,"d","F 8",514.594
"430",430,"maz_java_GA2","grazing","maz_java","SW",2658,70,11,670,36.850133,50.436617,"d","G 1",866.459
"431",431,"maz_java_GA2","grazing","maz_java","SW",2658,70,11,670,36.850133,50.436617,"d","G 2",715.997
"432",432,"maz_java_GA2","grazing","maz_java","SW",2658,70,11,670,36.850133,50.436617,"d","G 3",729.986
"433",433,"maz_java_GA2","grazing","maz_java","SW",2658,70,11,670,36.850133,50.436617,"d","G 4",741.558
"434",434,"maz_java_GA2","grazing","maz_java","SW",2658,70,11,670,36.850133,50.436617,"d","G 5",555.64
"435",435,"maz_java_GA2","grazing","maz_java","SW",2658,70,11,670,36.850133,50.436617,"d","G 6",590.412
"436",436,"maz_java_GA2","grazing","maz_java","SW",2658,70,11,670,36.850133,50.436617,"d","G 7",403.257
"437",437,"maz_java_GA2","grazing","maz_java","SW",2658,70,11,670,36.850133,50.436617,"d","G 8",698.256
"438",438,"maz_java_GA2","grazing","maz_java","SW",2658,70,11,670,36.850133,50.436617,"d","H 1",1127.288
"439",439,"maz_java_GA2","grazing","maz_java","SW",2658,70,11,670,36.850133,50.436617,"d","H 2",371.801
"440",440,"maz_java_GA2","grazing","maz_java","SW",2658,70,11,670,36.850133,50.436617,"d","H 3",526.343
"441",441,"maz_java_GA2","grazing","maz_java","SW",2658,70,11,670,36.850133,50.436617,"d","H 4",474.742
"442",442,"maz_java_GA2","grazing","maz_java","SW",2658,70,11,670,36.850133,50.436617,"d","H 5",519.718
"443",443,"maz_java_GA2","grazing","maz_java","SW",2658,70,11,670,36.850133,50.436617,"d","H 6",504.425
"444",444,"maz_java_GA2","grazing","maz_java","SW",2658,70,11,670,36.850133,50.436617,"d","H 7",626.169
"445",445,"maz_po_EA1","exclosure","maz_po","flat",2414,1,9.07,535,35.861351,52.060705,"c","A 1",192.0473
"446",446,"maz_po_EA1","exclosure","maz_po","flat",2414,1,9.07,535,35.861351,52.060705,"c","A 2",178.377
"447",447,"maz_po_EA1","exclosure","maz_po","flat",2414,1,9.07,535,35.861351,52.060705,"c","A 3",161.952
"448",448,"maz_po_EA1","exclosure","maz_po","flat",2414,1,9.07,535,35.861351,52.060705,"c","A 4",145.435
"449",449,"maz_po_EA1","exclosure","maz_po","flat",2414,1,9.07,535,35.861351,52.060705,"c","A 5",174.25
"450",450,"maz_po_EA1","exclosure","maz_po","flat",2414,1,9.07,535,35.861351,52.060705,"c","A 6",171.053
"451",451,"maz_po_EA1","exclosure","maz_po","flat",2414,1,9.07,535,35.861351,52.060705,"c","A 7",125.607
"452",452,"maz_po_EA1","exclosure","maz_po","flat",2414,1,9.07,535,35.861351,52.060705,"c","A 8",396.456
"453",453,"maz_po_EA1","exclosure","maz_po","flat",2414,1,9.07,535,35.861351,52.060705,"c","B 1",231.521
"454",454,"maz_po_EA1","exclosure","maz_po","flat",2414,1,9.07,535,35.861351,52.060705,"c","B 2",359.925
"455",455,"maz_po_EA1","exclosure","maz_po","flat",2414,1,9.07,535,35.861351,52.060705,"c","B 3",209.67
"456",456,"maz_po_EA1","exclosure","maz_po","flat",2414,1,9.07,535,35.861351,52.060705,"c","B 4",159.512
"457",457,"maz_po_EA1","exclosure","maz_po","flat",2414,1,9.07,535,35.861351,52.060705,"c","B 5",333.994
"458",458,"maz_po_EA1","exclosure","maz_po","flat",2414,1,9.07,535,35.861351,52.060705,"c","B 6",258.019
"459",459,"maz_po_EA1","exclosure","maz_po","flat",2414,1,9.07,535,35.861351,52.060705,"c","B 7",127.43
"460",460,"maz_po_EA1","exclosure","maz_po","flat",2414,1,9.07,535,35.861351,52.060705,"c","B 8",183.352
"461",461,"maz_po_EA1","exclosure","maz_po","flat",2414,1,9.07,535,35.861351,52.060705,"c","C 1",183.25
"462",462,"maz_po_EA1","exclosure","maz_po","flat",2414,1,9.07,535,35.861351,52.060705,"c","C 2",183.98
"463",463,"maz_po_EA1","exclosure","maz_po","flat",2414,1,9.07,535,35.861351,52.060705,"c","C 3",222.993
"464",464,"maz_po_EA1","exclosure","maz_po","flat",2414,1,9.07,535,35.861351,52.060705,"c","C 4",172.784
"465",465,"maz_po_EA1","exclosure","maz_po","flat",2414,1,9.07,535,35.861351,52.060705,"c","C 5",225.357
"466",466,"maz_po_EA1","exclosure","maz_po","flat",2414,1,9.07,535,35.861351,52.060705,"c","C 6",216.324
"467",467,"maz_po_EA1","exclosure","maz_po","flat",2414,1,9.07,535,35.861351,52.060705,"c","C 7",299.16
"468",468,"maz_po_EA1","exclosure","maz_po","flat",2414,1,9.07,535,35.861351,52.060705,"c","C 8",173.65
"469",469,"maz_po_EA1","exclosure","maz_po","flat",2414,1,9.07,535,35.861351,52.060705,"c","D 1",168.184
"470",470,"maz_po_EA1","exclosure","maz_po","flat",2414,1,9.07,535,35.861351,52.060705,"c","D 2",178.215
"471",471,"maz_po_EA1","exclosure","maz_po","flat",2414,1,9.07,535,35.861351,52.060705,"c","D 3",174.981
"472",472,"maz_po_EA1","exclosure","maz_po","flat",2414,1,9.07,535,35.861351,52.060705,"c","D 4",132.803
"473",473,"maz_po_EA1","exclosure","maz_po","flat",2414,1,9.07,535,35.861351,52.060705,"c","D 5",244.559
"474",474,"maz_po_EA1","exclosure","maz_po","flat",2414,1,9.07,535,35.861351,52.060705,"c","D 6",231.3399
"475",475,"maz_po_EA1","exclosure","maz_po","flat",2414,1,9.07,535,35.861351,52.060705,"c","D 7",119.568
"476",476,"maz_po_EA1","exclosure","maz_po","flat",2414,1,9.07,535,35.861351,52.060705,"c","D 8",474.6427
"477",477,"maz_po_EA1","exclosure","maz_po","flat",2414,1,9.07,535,35.861351,52.060705,"c","E 1",163.603
"478",478,"maz_po_EA1","exclosure","maz_po","flat",2414,1,9.07,535,35.861351,52.060705,"c","E 2",350.563
"479",479,"maz_po_EA1","exclosure","maz_po","flat",2414,1,9.07,535,35.861351,52.060705,"c","E 3",190.51
"480",480,"maz_po_EA1","exclosure","maz_po","flat",2414,1,9.07,535,35.861351,52.060705,"c","E 4",217.57
"481",481,"maz_po_EA1","exclosure","maz_po","flat",2414,1,9.07,535,35.861351,52.060705,"c","E 5",230.133
"482",482,"maz_po_EA1","exclosure","maz_po","flat",2414,1,9.07,535,35.861351,52.060705,"c","E 6",237.057
"483",483,"maz_po_EA1","exclosure","maz_po","flat",2414,1,9.07,535,35.861351,52.060705,"c","E 7",359.808
"484",484,"maz_po_EA1","exclosure","maz_po","flat",2414,1,9.07,535,35.861351,52.060705,"c","E 8",182.354
"485",485,"maz_po_EA1","exclosure","maz_po","flat",2414,1,9.07,535,35.861351,52.060705,"c","F 1",218.501
"486",486,"maz_po_EA1","exclosure","maz_po","flat",2414,1,9.07,535,35.861351,52.060705,"c","F 2",125.013
"487",487,"maz_po_EA1","exclosure","maz_po","flat",2414,1,9.07,535,35.861351,52.060705,"c","F 3",190.703
"488",488,"maz_po_EA1","exclosure","maz_po","flat",2414,1,9.07,535,35.861351,52.060705,"c","F 4",188.945
"489",489,"maz_po_EA1","exclosure","maz_po","flat",2414,1,9.07,535,35.861351,52.060705,"c","F 5",163.16
"490",490,"maz_po_EA1","exclosure","maz_po","flat",2414,1,9.07,535,35.861351,52.060705,"c","F 6",151.897
"491",491,"maz_po_EA1","exclosure","maz_po","flat",2414,1,9.07,535,35.861351,52.060705,"c","F 7",151.567
"492",492,"maz_po_EA1","exclosure","maz_po","flat",2414,1,9.07,535,35.861351,52.060705,"c","F 8",235.43
"493",493,"maz_po_EA1","exclosure","maz_po","flat",2414,1,9.07,535,35.861351,52.060705,"c","G 1",192.981
"494",494,"maz_po_EA1","exclosure","maz_po","flat",2414,1,9.07,535,35.861351,52.060705,"c","G 2",210.927
"495",495,"maz_po_EA1","exclosure","maz_po","flat",2414,1,9.07,535,35.861351,52.060705,"c","G 3",186.286
"496",496,"maz_po_EA1","exclosure","maz_po","flat",2414,1,9.07,535,35.861351,52.060705,"c","G 4",154.593
"497",497,"maz_po_EA1","exclosure","maz_po","flat",2414,1,9.07,535,35.861351,52.060705,"c","G 5",187.231
"498",498,"maz_po_EA1","exclosure","maz_po","flat",2414,1,9.07,535,35.861351,52.060705,"c","G 6",158.623
"499",499,"maz_po_EA1","exclosure","maz_po","flat",2414,1,9.07,535,35.861351,52.060705,"c","G 7",293.882
"500",500,"maz_po_EA1","exclosure","maz_po","flat",2414,1,9.07,535,35.861351,52.060705,"c","G 8",237.759
"501",501,"maz_po_EA1","exclosure","maz_po","flat",2414,1,9.07,535,35.861351,52.060705,"c","H 1",298.441
"502",502,"maz_po_EA1","exclosure","maz_po","flat",2414,1,9.07,535,35.861351,52.060705,"c","H 2",495.767
"503",503,"maz_po_EA1","exclosure","maz_po","flat",2414,1,9.07,535,35.861351,52.060705,"c","H 3",160.177
"504",504,"maz_po_EA1","exclosure","maz_po","flat",2414,1,9.07,535,35.861351,52.060705,"c","H 4",168.551
"505",505,"maz_po_EA1","exclosure","maz_po","flat",2414,1,9.07,535,35.861351,52.060705,"c","H 5",206.54
"506",506,"maz_po_EA1","exclosure","maz_po","flat",2414,1,9.07,535,35.861351,52.060705,"c","H 6",222.193
"507",507,"maz_po_EA1","exclosure","maz_po","flat",2414,1,9.07,535,35.861351,52.060705,"c","H 7",219.9
"508",508,"maz_po_GA1","grazing","maz_po","NW",2893,29.16,9,535,35.897483,52.010294,"d","A 1",29.16
"509",509,"maz_po_GA1","grazing","maz_po","NW",2893,29.16,9,535,35.897483,52.010294,"d","A 2",181.824
"510",510,"maz_po_GA1","grazing","maz_po","NW",2893,29.16,9,535,35.897483,52.010294,"d","A 3",148.845
"511",511,"maz_po_GA1","grazing","maz_po","NW",2893,29.16,9,535,35.897483,52.010294,"d","A 4",461.995
"512",512,"maz_po_GA1","grazing","maz_po","NW",2893,29.16,9,535,35.897483,52.010294,"d","A 5",177.353
"513",513,"maz_po_GA1","grazing","maz_po","NW",2893,29.16,9,535,35.897483,52.010294,"d","A 6",380.007
"514",514,"maz_po_GA1","grazing","maz_po","NW",2893,29.16,9,535,35.897483,52.010294,"d","A 7",168.058
"515",515,"maz_po_GA1","grazing","maz_po","NW",2893,29.16,9,535,35.897483,52.010294,"d","A 8",713.02
"516",516,"maz_po_GA1","grazing","maz_po","NW",2893,29.16,9,535,35.897483,52.010294,"d","B 1",3.658
"517",517,"maz_po_GA1","grazing","maz_po","NW",2893,29.16,9,535,35.897483,52.010294,"d","B 2",290.4
"518",518,"maz_po_GA1","grazing","maz_po","NW",2893,29.16,9,535,35.897483,52.010294,"d","B 3",63.149
"519",519,"maz_po_GA1","grazing","maz_po","NW",2893,29.16,9,535,35.897483,52.010294,"d","B 4",396.98
"520",520,"maz_po_GA1","grazing","maz_po","NW",2893,29.16,9,535,35.897483,52.010294,"d","B 5",280.993
"521",521,"maz_po_GA1","grazing","maz_po","NW",2893,29.16,9,535,35.897483,52.010294,"d","B 6",254.295
"522",522,"maz_po_GA1","grazing","maz_po","NW",2893,29.16,9,535,35.897483,52.010294,"d","B 7",361.113
"523",523,"maz_po_GA1","grazing","maz_po","NW",2893,29.16,9,535,35.897483,52.010294,"d","B 8",210.417
"524",524,"maz_po_GA1","grazing","maz_po","NW",2893,29.16,9,535,35.897483,52.010294,"d","C 1",163.021
"525",525,"maz_po_GA1","grazing","maz_po","NW",2893,29.16,9,535,35.897483,52.010294,"d","C 2",83.505
"526",526,"maz_po_GA1","grazing","maz_po","NW",2893,29.16,9,535,35.897483,52.010294,"d","C 3",196.134
"527",527,"maz_po_GA1","grazing","maz_po","NW",2893,29.16,9,535,35.897483,52.010294,"d","C 4",216.713
"528",528,"maz_po_GA1","grazing","maz_po","NW",2893,29.16,9,535,35.897483,52.010294,"d","C 5",181.787
"529",529,"maz_po_GA1","grazing","maz_po","NW",2893,29.16,9,535,35.897483,52.010294,"d","C 6",193.511
"530",530,"maz_po_GA1","grazing","maz_po","NW",2893,29.16,9,535,35.897483,52.010294,"d","C 7",1023.681
"531",531,"maz_po_GA1","grazing","maz_po","NW",2893,29.16,9,535,35.897483,52.010294,"d","C 8",434.41
"532",532,"maz_po_GA1","grazing","maz_po","NW",2893,29.16,9,535,35.897483,52.010294,"d","D 1",150.877
"533",533,"maz_po_GA1","grazing","maz_po","NW",2893,29.16,9,535,35.897483,52.010294,"d","D 2",143.472
"534",534,"maz_po_GA1","grazing","maz_po","NW",2893,29.16,9,535,35.897483,52.010294,"d","D 3",149.932
"535",535,"maz_po_GA1","grazing","maz_po","NW",2893,29.16,9,535,35.897483,52.010294,"d","D 4",367.107
"536",536,"maz_po_GA1","grazing","maz_po","NW",2893,29.16,9,535,35.897483,52.010294,"d","D 5",357.887
"537",537,"maz_po_GA1","grazing","maz_po","NW",2893,29.16,9,535,35.897483,52.010294,"d","D 6",113.958
"538",538,"maz_po_GA1","grazing","maz_po","NW",2893,29.16,9,535,35.897483,52.010294,"d","D 7",488.449
"539",539,"maz_po_GA1","grazing","maz_po","NW",2893,29.16,9,535,35.897483,52.010294,"d","D 8",28.521
"540",540,"maz_po_GA1","grazing","maz_po","NW",2893,29.16,9,535,35.897483,52.010294,"d","E 1",167.271
"541",541,"maz_po_GA1","grazing","maz_po","NW",2893,29.16,9,535,35.897483,52.010294,"d","E 2",263.586
"542",542,"maz_po_GA1","grazing","maz_po","NW",2893,29.16,9,535,35.897483,52.010294,"d","E 3",212.319
"543",543,"maz_po_GA1","grazing","maz_po","NW",2893,29.16,9,535,35.897483,52.010294,"d","E 4",198.99
"544",544,"maz_po_GA1","grazing","maz_po","NW",2893,29.16,9,535,35.897483,52.010294,"d","E 5",377.547
"545",545,"maz_po_GA1","grazing","maz_po","NW",2893,29.16,9,535,35.897483,52.010294,"d","E 6",160.722
"546",546,"maz_po_GA1","grazing","maz_po","NW",2893,29.16,9,535,35.897483,52.010294,"d","E 7",917.878
"547",547,"maz_po_GA1","grazing","maz_po","NW",2893,29.16,9,535,35.897483,52.010294,"d","E 8",266.29
"548",548,"maz_po_GA1","grazing","maz_po","NW",2893,29.16,9,535,35.897483,52.010294,"d","F 1",154.62
"549",549,"maz_po_GA1","grazing","maz_po","NW",2893,29.16,9,535,35.897483,52.010294,"d","F 2",316.407
"550",550,"maz_po_GA1","grazing","maz_po","NW",2893,29.16,9,535,35.897483,52.010294,"d","F 3",287.455
"551",551,"maz_po_GA1","grazing","maz_po","NW",2893,29.16,9,535,35.897483,52.010294,"d","F 4",263.72
"552",552,"maz_po_GA1","grazing","maz_po","NW",2893,29.16,9,535,35.897483,52.010294,"d","F 5",328.822
"553",553,"maz_po_GA1","grazing","maz_po","NW",2893,29.16,9,535,35.897483,52.010294,"d","F 6",23.363
"554",554,"maz_po_GA1","grazing","maz_po","NW",2893,29.16,9,535,35.897483,52.010294,"d","F 7",178.34
"555",555,"maz_po_GA1","grazing","maz_po","NW",2893,29.16,9,535,35.897483,52.010294,"d","F 8",266.705
"556",556,"maz_po_GA1","grazing","maz_po","NW",2893,29.16,9,535,35.897483,52.010294,"d","G 1",174.749
"557",557,"maz_po_GA1","grazing","maz_po","NW",2893,29.16,9,535,35.897483,52.010294,"d","G 2",163.784
"558",558,"maz_po_GA1","grazing","maz_po","NW",2893,29.16,9,535,35.897483,52.010294,"d","G 3",269.928
"559",559,"maz_po_GA1","grazing","maz_po","NW",2893,29.16,9,535,35.897483,52.010294,"d","G 4",132.372
"560",560,"maz_po_GA1","grazing","maz_po","NW",2893,29.16,9,535,35.897483,52.010294,"d","G 5",318.132
"561",561,"maz_po_GA1","grazing","maz_po","NW",2893,29.16,9,535,35.897483,52.010294,"d","G 6",28.256
"562",562,"maz_po_GA1","grazing","maz_po","NW",2893,29.16,9,535,35.897483,52.010294,"d","G 7",150.427
"563",563,"maz_po_GA1","grazing","maz_po","NW",2893,29.16,9,535,35.897483,52.010294,"d","G 8",159.079
"564",564,"maz_po_GA1","grazing","maz_po","NW",2893,29.16,9,535,35.897483,52.010294,"d","H 1",157.061
"565",565,"maz_po_GA1","grazing","maz_po","NW",2893,29.16,9,535,35.897483,52.010294,"d","H 2",32.744
"566",566,"maz_po_GA1","grazing","maz_po","NW",2893,29.16,9,535,35.897483,52.010294,"d","H 3",156.211
"567",567,"maz_po_GA1","grazing","maz_po","NW",2893,29.16,9,535,35.897483,52.010294,"d","H 4",280.646
"568",568,"maz_po_GA1","grazing","maz_po","NW",2893,29.16,9,535,35.897483,52.010294,"d","H 5",236.168
"569",569,"maz_po_GA1","grazing","maz_po","NW",2893,29.16,9,535,35.897483,52.010294,"d","H 6",46.428
"570",570,"maz_po_GA1","grazing","maz_po","NW",2893,29.16,9,535,35.897483,52.010294,"d","H 7",340.4231
"571",571,"maz_po_GA2","grazing","maz_po","W",2663,20.6,9,535,35.889129,52.034467,"d","A 1",294.746
"572",572,"maz_po_GA2","grazing","maz_po","W",2663,20.6,9,535,35.889129,52.034467,"d","A 2",194.82
"573",573,"maz_po_GA2","grazing","maz_po","W",2663,20.6,9,535,35.889129,52.034467,"d","A 3",185.804
"574",574,"maz_po_GA2","grazing","maz_po","W",2663,20.6,9,535,35.889129,52.034467,"d","A 4",53.874
"575",575,"maz_po_GA2","grazing","maz_po","W",2663,20.6,9,535,35.889129,52.034467,"d","A 5",97.089
"576",576,"maz_po_GA2","grazing","maz_po","W",2663,20.6,9,535,35.889129,52.034467,"d","A 6",191.873
"577",577,"maz_po_GA2","grazing","maz_po","W",2663,20.6,9,535,35.889129,52.034467,"d","A 7",214.015
"578",578,"maz_po_GA2","grazing","maz_po","W",2663,20.6,9,535,35.889129,52.034467,"d","A 8",297.005
"579",579,"maz_po_GA2","grazing","maz_po","W",2663,20.6,9,535,35.889129,52.034467,"d","B 1",216.746
"580",580,"maz_po_GA2","grazing","maz_po","W",2663,20.6,9,535,35.889129,52.034467,"d","B 2",126.843
"581",581,"maz_po_GA2","grazing","maz_po","W",2663,20.6,9,535,35.889129,52.034467,"d","B 3",187.529
"582",582,"maz_po_GA2","grazing","maz_po","W",2663,20.6,9,535,35.889129,52.034467,"d","B 4",172.98
"583",583,"maz_po_GA2","grazing","maz_po","W",2663,20.6,9,535,35.889129,52.034467,"d","B 5",194.619
"584",584,"maz_po_GA2","grazing","maz_po","W",2663,20.6,9,535,35.889129,52.034467,"d","B 6",201.194
"585",585,"maz_po_GA2","grazing","maz_po","W",2663,20.6,9,535,35.889129,52.034467,"d","B 7",424.349
"586",586,"maz_po_GA2","grazing","maz_po","W",2663,20.6,9,535,35.889129,52.034467,"d","B 8",68.056
"587",587,"maz_po_GA2","grazing","maz_po","W",2663,20.6,9,535,35.889129,52.034467,"d","C 1",626.06
"588",588,"maz_po_GA2","grazing","maz_po","W",2663,20.6,9,535,35.889129,52.034467,"d","C 2",168.01
"589",589,"maz_po_GA2","grazing","maz_po","W",2663,20.6,9,535,35.889129,52.034467,"d","C 3",114.127
"590",590,"maz_po_GA2","grazing","maz_po","W",2663,20.6,9,535,35.889129,52.034467,"d","C 4",21.689
"591",591,"maz_po_GA2","grazing","maz_po","W",2663,20.6,9,535,35.889129,52.034467,"d","C 5",201.641
"592",592,"maz_po_GA2","grazing","maz_po","W",2663,20.6,9,535,35.889129,52.034467,"d","C 6",228.39
"593",593,"maz_po_GA2","grazing","maz_po","W",2663,20.6,9,535,35.889129,52.034467,"d","C 7",517.636
"594",594,"maz_po_GA2","grazing","maz_po","W",2663,20.6,9,535,35.889129,52.034467,"d","C 8",262.549
"595",595,"maz_po_GA2","grazing","maz_po","W",2663,20.6,9,535,35.889129,52.034467,"d","D 1",255.438
"596",596,"maz_po_GA2","grazing","maz_po","W",2663,20.6,9,535,35.889129,52.034467,"d","D 2",170.725
"597",597,"maz_po_GA2","grazing","maz_po","W",2663,20.6,9,535,35.889129,52.034467,"d","D 3",133.73
"598",598,"maz_po_GA2","grazing","maz_po","W",2663,20.6,9,535,35.889129,52.034467,"d","D 4",111.236
"599",599,"maz_po_GA2","grazing","maz_po","W",2663,20.6,9,535,35.889129,52.034467,"d","D 5",232.4
"600",600,"maz_po_GA2","grazing","maz_po","W",2663,20.6,9,535,35.889129,52.034467,"d","D 6",83.18
"601",601,"maz_po_GA2","grazing","maz_po","W",2663,20.6,9,535,35.889129,52.034467,"d","D 7",721.485
"602",602,"maz_po_GA2","grazing","maz_po","W",2663,20.6,9,535,35.889129,52.034467,"d","D 8",371.661
"603",603,"maz_po_GA2","grazing","maz_po","W",2663,20.6,9,535,35.889129,52.034467,"d","E 1",170.178
"604",604,"maz_po_GA2","grazing","maz_po","W",2663,20.6,9,535,35.889129,52.034467,"d","E 2",31.116
"605",605,"maz_po_GA2","grazing","maz_po","W",2663,20.6,9,535,35.889129,52.034467,"d","E 3",160.152
"606",606,"maz_po_GA2","grazing","maz_po","W",2663,20.6,9,535,35.889129,52.034467,"d","E 4",73.61
"607",607,"maz_po_GA2","grazing","maz_po","W",2663,20.6,9,535,35.889129,52.034467,"d","E 5",301.629
"608",608,"maz_po_GA2","grazing","maz_po","W",2663,20.6,9,535,35.889129,52.034467,"d","E 6",111.08
"609",609,"maz_po_GA2","grazing","maz_po","W",2663,20.6,9,535,35.889129,52.034467,"d","E 7",699.086
"610",610,"maz_po_GA2","grazing","maz_po","W",2663,20.6,9,535,35.889129,52.034467,"d","E 8",257.871
"611",611,"maz_po_GA2","grazing","maz_po","W",2663,20.6,9,535,35.889129,52.034467,"d","F 1",83.321
"612",612,"maz_po_GA2","grazing","maz_po","W",2663,20.6,9,535,35.889129,52.034467,"d","F 2",103.219
"613",613,"maz_po_GA2","grazing","maz_po","W",2663,20.6,9,535,35.889129,52.034467,"d","F 3",51.563
"614",614,"maz_po_GA2","grazing","maz_po","W",2663,20.6,9,535,35.889129,52.034467,"d","F 4",577.35
"615",615,"maz_po_GA2","grazing","maz_po","W",2663,20.6,9,535,35.889129,52.034467,"d","F 5",85.719
"616",616,"maz_po_GA2","grazing","maz_po","W",2663,20.6,9,535,35.889129,52.034467,"d","F 6",168.87
"617",617,"maz_po_GA2","grazing","maz_po","W",2663,20.6,9,535,35.889129,52.034467,"d","F 7",191.6
"618",618,"maz_po_GA2","grazing","maz_po","W",2663,20.6,9,535,35.889129,52.034467,"d","F 8",929.073
"619",619,"maz_po_GA2","grazing","maz_po","W",2663,20.6,9,535,35.889129,52.034467,"d","G 1",245.857
"620",620,"maz_po_GA2","grazing","maz_po","W",2663,20.6,9,535,35.889129,52.034467,"d","G 2",563.728
"621",621,"maz_po_GA2","grazing","maz_po","W",2663,20.6,9,535,35.889129,52.034467,"d","G 3",125.034
"622",622,"maz_po_GA2","grazing","maz_po","W",2663,20.6,9,535,35.889129,52.034467,"d","G 4",159.988
"623",623,"maz_po_GA2","grazing","maz_po","W",2663,20.6,9,535,35.889129,52.034467,"d","G 5",145.413
"624",624,"maz_po_GA2","grazing","maz_po","W",2663,20.6,9,535,35.889129,52.034467,"d","G 6",263.141
"625",625,"maz_po_GA2","grazing","maz_po","W",2663,20.6,9,535,35.889129,52.034467,"d","G 7",76.524
"626",626,"maz_po_GA2","grazing","maz_po","W",2663,20.6,9,535,35.889129,52.034467,"d","G 8",323.721
"627",627,"maz_po_GA2","grazing","maz_po","W",2663,20.6,9,535,35.889129,52.034467,"d","H 1",184.191
"628",628,"maz_po_GA2","grazing","maz_po","W",2663,20.6,9,535,35.889129,52.034467,"d","H 2",187.221
"629",629,"maz_po_GA2","grazing","maz_po","W",2663,20.6,9,535,35.889129,52.034467,"d","H 3",223.259
"630",630,"maz_po_GA2","grazing","maz_po","W",2663,20.6,9,535,35.889129,52.034467,"d","H 4",482.779
"631",631,"maz_po_GA2","grazing","maz_po","W",2663,20.6,9,535,35.889129,52.034467,"d","H 5",93.988
"632",632,"maz_po_GA2","grazing","maz_po","W",2663,20.6,9,535,35.889129,52.034467,"d","H 6",172.183
"633",633,"maz_po_GA2","grazing","maz_po","W",2663,20.6,9,535,35.889129,52.034467,"d","H 7",235.061
