"","X","id_id","treatment","site","aspect","elevation","slope","avg_temp","avg_ppt","lat","long","cat_ele","grid","bm"
"1",257,"masouleh_EA1","exclosure","masouleh","NW",2216,60,23.7,601,37.176921,48.94019,"c","A 1",152.208
"2",258,"masouleh_EA1","exclosure","masouleh","NW",2216,60,23.7,601,37.176921,48.94019,"c","A 2",217.316
"3",259,"masouleh_EA1","exclosure","masouleh","NW",2216,60,23.7,601,37.176921,48.94019,"c","A 3",405.45
"4",260,"masouleh_EA1","exclosure","masouleh","NW",2216,60,23.7,601,37.176921,48.94019,"c","A 4",171.575
"5",261,"masouleh_EA1","exclosure","masouleh","NW",2216,60,23.7,601,37.176921,48.94019,"c","A 5",99.403
"6",262,"masouleh_EA1","exclosure","masouleh","NW",2216,60,23.7,601,37.176921,48.94019,"c","A 6",171.186
"7",263,"masouleh_EA1","exclosure","masouleh","NW",2216,60,23.7,601,37.176921,48.94019,"c","A 7",160.278
"8",264,"masouleh_EA1","exclosure","masouleh","NW",2216,60,23.7,601,37.176921,48.94019,"c","A 8",95.066
"9",265,"masouleh_EA1","exclosure","masouleh","NW",2216,60,23.7,601,37.176921,48.94019,"c","B 1",143.034
"10",266,"masouleh_EA1","exclosure","masouleh","NW",2216,60,23.7,601,37.176921,48.94019,"c","B 2",377.798
"11",267,"masouleh_EA1","exclosure","masouleh","NW",2216,60,23.7,601,37.176921,48.94019,"c","B 3",137.855
"12",268,"masouleh_EA1","exclosure","masouleh","NW",2216,60,23.7,601,37.176921,48.94019,"c","B 4",201.483
"13",269,"masouleh_EA1","exclosure","masouleh","NW",2216,60,23.7,601,37.176921,48.94019,"c","B 5",101.275
"14",270,"masouleh_EA1","exclosure","masouleh","NW",2216,60,23.7,601,37.176921,48.94019,"c","B 6",122.53
"15",271,"masouleh_EA1","exclosure","masouleh","NW",2216,60,23.7,601,37.176921,48.94019,"c","B 7",119.951
"16",272,"masouleh_EA1","exclosure","masouleh","NW",2216,60,23.7,601,37.176921,48.94019,"c","B 8",54.171
"17",273,"masouleh_EA1","exclosure","masouleh","NW",2216,60,23.7,601,37.176921,48.94019,"c","C 1",206.639
"18",274,"masouleh_EA1","exclosure","masouleh","NW",2216,60,23.7,601,37.176921,48.94019,"c","C 2",242.021
"19",275,"masouleh_EA1","exclosure","masouleh","NW",2216,60,23.7,601,37.176921,48.94019,"c","C 3",170.173
"20",276,"masouleh_EA1","exclosure","masouleh","NW",2216,60,23.7,601,37.176921,48.94019,"c","C 4",89.951
"21",277,"masouleh_EA1","exclosure","masouleh","NW",2216,60,23.7,601,37.176921,48.94019,"c","C 5",56.272
"22",278,"masouleh_EA1","exclosure","masouleh","NW",2216,60,23.7,601,37.176921,48.94019,"c","C 6",114.7533
"23",279,"masouleh_EA1","exclosure","masouleh","NW",2216,60,23.7,601,37.176921,48.94019,"c","C 7",56.78
"24",280,"masouleh_EA1","exclosure","masouleh","NW",2216,60,23.7,601,37.176921,48.94019,"c","C 8",70.791
"25",281,"masouleh_EA1","exclosure","masouleh","NW",2216,60,23.7,601,37.176921,48.94019,"c","D 1",291.055
"26",282,"masouleh_EA1","exclosure","masouleh","NW",2216,60,23.7,601,37.176921,48.94019,"c","D 2",141.743
"27",283,"masouleh_EA1","exclosure","masouleh","NW",2216,60,23.7,601,37.176921,48.94019,"c","D 3",200.05
"28",284,"masouleh_EA1","exclosure","masouleh","NW",2216,60,23.7,601,37.176921,48.94019,"c","D 4",122.851
"29",285,"masouleh_EA1","exclosure","masouleh","NW",2216,60,23.7,601,37.176921,48.94019,"c","D 5",147.251
"30",286,"masouleh_EA1","exclosure","masouleh","NW",2216,60,23.7,601,37.176921,48.94019,"c","D 6",118.086
"31",287,"masouleh_EA1","exclosure","masouleh","NW",2216,60,23.7,601,37.176921,48.94019,"c","D 7",73.903
"32",288,"masouleh_EA1","exclosure","masouleh","NW",2216,60,23.7,601,37.176921,48.94019,"c","D 8",53.625
"33",289,"masouleh_EA1","exclosure","masouleh","NW",2216,60,23.7,601,37.176921,48.94019,"c","E 1",210.1283
"34",290,"masouleh_EA1","exclosure","masouleh","NW",2216,60,23.7,601,37.176921,48.94019,"c","E 2",135.048
"35",291,"masouleh_EA1","exclosure","masouleh","NW",2216,60,23.7,601,37.176921,48.94019,"c","E 3",167.0584
"36",292,"masouleh_EA1","exclosure","masouleh","NW",2216,60,23.7,601,37.176921,48.94019,"c","E 4",181.87
"37",293,"masouleh_EA1","exclosure","masouleh","NW",2216,60,23.7,601,37.176921,48.94019,"c","E 5",137.2824
"38",294,"masouleh_EA1","exclosure","masouleh","NW",2216,60,23.7,601,37.176921,48.94019,"c","E 6",91.2
"39",295,"masouleh_EA1","exclosure","masouleh","NW",2216,60,23.7,601,37.176921,48.94019,"c","E 7",45.5924
"40",296,"masouleh_EA1","exclosure","masouleh","NW",2216,60,23.7,601,37.176921,48.94019,"c","E 8",59.036
"41",297,"masouleh_EA1","exclosure","masouleh","NW",2216,60,23.7,601,37.176921,48.94019,"c","F 1",175.038
"42",298,"masouleh_EA1","exclosure","masouleh","NW",2216,60,23.7,601,37.176921,48.94019,"c","F 2",148.712
"43",299,"masouleh_EA1","exclosure","masouleh","NW",2216,60,23.7,601,37.176921,48.94019,"c","F 3",132.831
"44",300,"masouleh_EA1","exclosure","masouleh","NW",2216,60,23.7,601,37.176921,48.94019,"c","F 4",250.2859
"45",301,"masouleh_EA1","exclosure","masouleh","NW",2216,60,23.7,601,37.176921,48.94019,"c","F 5",155.169
"46",302,"masouleh_EA1","exclosure","masouleh","NW",2216,60,23.7,601,37.176921,48.94019,"c","F 6",118.145
"47",303,"masouleh_EA1","exclosure","masouleh","NW",2216,60,23.7,601,37.176921,48.94019,"c","F 7",63.9354
"48",304,"masouleh_EA1","exclosure","masouleh","NW",2216,60,23.7,601,37.176921,48.94019,"c","F 8",31.547
"49",305,"masouleh_EA1","exclosure","masouleh","NW",2216,60,23.7,601,37.176921,48.94019,"c","G 1",419.799
"50",306,"masouleh_EA1","exclosure","masouleh","NW",2216,60,23.7,601,37.176921,48.94019,"c","G 2",119.636
"51",307,"masouleh_EA1","exclosure","masouleh","NW",2216,60,23.7,601,37.176921,48.94019,"c","G 3",349.408
"52",308,"masouleh_EA1","exclosure","masouleh","NW",2216,60,23.7,601,37.176921,48.94019,"c","G 4",87.239
"53",309,"masouleh_EA1","exclosure","masouleh","NW",2216,60,23.7,601,37.176921,48.94019,"c","G 5",288.001
"54",310,"masouleh_EA1","exclosure","masouleh","NW",2216,60,23.7,601,37.176921,48.94019,"c","G 6",121.227
"55",311,"masouleh_EA1","exclosure","masouleh","NW",2216,60,23.7,601,37.176921,48.94019,"c","G 7",115.094
"56",312,"masouleh_EA1","exclosure","masouleh","NW",2216,60,23.7,601,37.176921,48.94019,"c","G 8",77.954
"57",313,"masouleh_EA1","exclosure","masouleh","NW",2216,60,23.7,601,37.176921,48.94019,"c","H 1",180.68
"58",314,"masouleh_EA1","exclosure","masouleh","NW",2216,60,23.7,601,37.176921,48.94019,"c","H 2",246.704
"59",315,"masouleh_EA1","exclosure","masouleh","NW",2216,60,23.7,601,37.176921,48.94019,"c","H 3",181.783
"60",316,"masouleh_EA1","exclosure","masouleh","NW",2216,60,23.7,601,37.176921,48.94019,"c","H 4",100.795
"61",317,"masouleh_EA1","exclosure","masouleh","NW",2216,60,23.7,601,37.176921,48.94019,"c","H 5",134.33
"62",318,"masouleh_EA1","exclosure","masouleh","NW",2216,60,23.7,601,37.176921,48.94019,"c","H 6",157.993
"63",319,"masouleh_EA1","exclosure","masouleh","NW",2216,60,23.7,601,37.176921,48.94019,"c","H 7",57.362
"64",320,"masouleh_EA1","exclosure","masouleh","NW",2216,60,23.7,601,37.176921,48.94019,"c","H 8",66.178
"65",321,"masouleh_EA2","exclosure","masouleh","N",1950,27,23.7,601,37.175876,48.940206,"b","A 1",377.004
"66",322,"masouleh_EA2","exclosure","masouleh","N",1950,27,23.7,601,37.175876,48.940206,"b","A 2",396.897
"67",323,"masouleh_EA2","exclosure","masouleh","N",1950,27,23.7,601,37.175876,48.940206,"b","A 3",600.02
"68",324,"masouleh_EA2","exclosure","masouleh","N",1950,27,23.7,601,37.175876,48.940206,"b","A 4",265.347
"69",325,"masouleh_EA2","exclosure","masouleh","N",1950,27,23.7,601,37.175876,48.940206,"b","A 5",289.951
"70",326,"masouleh_EA2","exclosure","masouleh","N",1950,27,23.7,601,37.175876,48.940206,"b","A 6",443.82
"71",327,"masouleh_EA2","exclosure","masouleh","N",1950,27,23.7,601,37.175876,48.940206,"b","A 7",402.283
"72",328,"masouleh_EA2","exclosure","masouleh","N",1950,27,23.7,601,37.175876,48.940206,"b","A 8",364.735
"73",329,"masouleh_EA2","exclosure","masouleh","N",1950,27,23.7,601,37.175876,48.940206,"b","B 1",417.357
"74",330,"masouleh_EA2","exclosure","masouleh","N",1950,27,23.7,601,37.175876,48.940206,"b","B 2",540.729
"75",331,"masouleh_EA2","exclosure","masouleh","N",1950,27,23.7,601,37.175876,48.940206,"b","B 3",340.381
"76",332,"masouleh_EA2","exclosure","masouleh","N",1950,27,23.7,601,37.175876,48.940206,"b","B 4",666.118
"77",333,"masouleh_EA2","exclosure","masouleh","N",1950,27,23.7,601,37.175876,48.940206,"b","B 5",270.593
"78",334,"masouleh_EA2","exclosure","masouleh","N",1950,27,23.7,601,37.175876,48.940206,"b","B 6",563.652
"79",335,"masouleh_EA2","exclosure","masouleh","N",1950,27,23.7,601,37.175876,48.940206,"b","B 7",429.904
"80",336,"masouleh_EA2","exclosure","masouleh","N",1950,27,23.7,601,37.175876,48.940206,"b","B 8",310.8183
"81",337,"masouleh_EA2","exclosure","masouleh","N",1950,27,23.7,601,37.175876,48.940206,"b","C 1",662.727
"82",338,"masouleh_EA2","exclosure","masouleh","N",1950,27,23.7,601,37.175876,48.940206,"b","C 2",584.944
"83",339,"masouleh_EA2","exclosure","masouleh","N",1950,27,23.7,601,37.175876,48.940206,"b","C 3",644.833
"84",340,"masouleh_EA2","exclosure","masouleh","N",1950,27,23.7,601,37.175876,48.940206,"b","C 4",707.744
"85",341,"masouleh_EA2","exclosure","masouleh","N",1950,27,23.7,601,37.175876,48.940206,"b","C 5",723.906
"86",342,"masouleh_EA2","exclosure","masouleh","N",1950,27,23.7,601,37.175876,48.940206,"b","C 6",317.563
"87",343,"masouleh_EA2","exclosure","masouleh","N",1950,27,23.7,601,37.175876,48.940206,"b","C 7",241.948
"88",344,"masouleh_EA2","exclosure","masouleh","N",1950,27,23.7,601,37.175876,48.940206,"b","C 8",366.45
"89",345,"masouleh_EA2","exclosure","masouleh","N",1950,27,23.7,601,37.175876,48.940206,"b","D 1",343.804
"90",346,"masouleh_EA2","exclosure","masouleh","N",1950,27,23.7,601,37.175876,48.940206,"b","D 2",264.476
"91",347,"masouleh_EA2","exclosure","masouleh","N",1950,27,23.7,601,37.175876,48.940206,"b","D 3",727.27
"92",348,"masouleh_EA2","exclosure","masouleh","N",1950,27,23.7,601,37.175876,48.940206,"b","D 4",789.406
"93",349,"masouleh_EA2","exclosure","masouleh","N",1950,27,23.7,601,37.175876,48.940206,"b","D 5",694.574
"94",350,"masouleh_EA2","exclosure","masouleh","N",1950,27,23.7,601,37.175876,48.940206,"b","D 6",421.957
"95",351,"masouleh_EA2","exclosure","masouleh","N",1950,27,23.7,601,37.175876,48.940206,"b","D 7",562.591
"96",352,"masouleh_EA2","exclosure","masouleh","N",1950,27,23.7,601,37.175876,48.940206,"b","D 8",336.423
"97",353,"masouleh_EA2","exclosure","masouleh","N",1950,27,23.7,601,37.175876,48.940206,"b","E 1",360.488
"98",354,"masouleh_EA2","exclosure","masouleh","N",1950,27,23.7,601,37.175876,48.940206,"b","E 2",253.106
"99",355,"masouleh_EA2","exclosure","masouleh","N",1950,27,23.7,601,37.175876,48.940206,"b","E 3",629.679
"100",356,"masouleh_EA2","exclosure","masouleh","N",1950,27,23.7,601,37.175876,48.940206,"b","E 4",623.09
"101",357,"masouleh_EA2","exclosure","masouleh","N",1950,27,23.7,601,37.175876,48.940206,"b","E 5",538.41
"102",358,"masouleh_EA2","exclosure","masouleh","N",1950,27,23.7,601,37.175876,48.940206,"b","E 6",351.222
"103",359,"masouleh_EA2","exclosure","masouleh","N",1950,27,23.7,601,37.175876,48.940206,"b","E 7",454.279
"104",360,"masouleh_EA2","exclosure","masouleh","N",1950,27,23.7,601,37.175876,48.940206,"b","E 8",294.094
"105",361,"masouleh_EA2","exclosure","masouleh","N",1950,27,23.7,601,37.175876,48.940206,"b","F 1",571.352
"106",362,"masouleh_EA2","exclosure","masouleh","N",1950,27,23.7,601,37.175876,48.940206,"b","F 2",291.904
"107",363,"masouleh_EA2","exclosure","masouleh","N",1950,27,23.7,601,37.175876,48.940206,"b","F 3",708.928
"108",364,"masouleh_EA2","exclosure","masouleh","N",1950,27,23.7,601,37.175876,48.940206,"b","F 4",621.45
"109",365,"masouleh_EA2","exclosure","masouleh","N",1950,27,23.7,601,37.175876,48.940206,"b","F 5",452.235
"110",366,"masouleh_EA2","exclosure","masouleh","N",1950,27,23.7,601,37.175876,48.940206,"b","F 6",440.49
"111",367,"masouleh_EA2","exclosure","masouleh","N",1950,27,23.7,601,37.175876,48.940206,"b","F 7",578.414
"112",368,"masouleh_EA2","exclosure","masouleh","N",1950,27,23.7,601,37.175876,48.940206,"b","F 8",315.891
"113",369,"masouleh_EA2","exclosure","masouleh","N",1950,27,23.7,601,37.175876,48.940206,"b","G 1",379.611
"114",370,"masouleh_EA2","exclosure","masouleh","N",1950,27,23.7,601,37.175876,48.940206,"b","G 2",519.955
"115",371,"masouleh_EA2","exclosure","masouleh","N",1950,27,23.7,601,37.175876,48.940206,"b","G 3",560.387
"116",372,"masouleh_EA2","exclosure","masouleh","N",1950,27,23.7,601,37.175876,48.940206,"b","G 4",580.647
"117",373,"masouleh_EA2","exclosure","masouleh","N",1950,27,23.7,601,37.175876,48.940206,"b","G 5",577.143
"118",374,"masouleh_EA2","exclosure","masouleh","N",1950,27,23.7,601,37.175876,48.940206,"b","G 6",518.743
"119",375,"masouleh_EA2","exclosure","masouleh","N",1950,27,23.7,601,37.175876,48.940206,"b","G 7",369.918
"120",376,"masouleh_EA2","exclosure","masouleh","N",1950,27,23.7,601,37.175876,48.940206,"b","G 8",397.3433
"121",377,"masouleh_EA2","exclosure","masouleh","N",1950,27,23.7,601,37.175876,48.940206,"b","H 1",334.688
"122",378,"masouleh_EA2","exclosure","masouleh","N",1950,27,23.7,601,37.175876,48.940206,"b","H 2",390.795
"123",379,"masouleh_EA2","exclosure","masouleh","N",1950,27,23.7,601,37.175876,48.940206,"b","H 3",458.818
"124",380,"masouleh_EA2","exclosure","masouleh","N",1950,27,23.7,601,37.175876,48.940206,"b","H 4",493.085
"125",381,"masouleh_EA2","exclosure","masouleh","N",1950,27,23.7,601,37.175876,48.940206,"b","H 5",477.702
"126",382,"masouleh_EA2","exclosure","masouleh","N",1950,27,23.7,601,37.175876,48.940206,"b","H 6",895.169
"127",383,"masouleh_EA2","exclosure","masouleh","N",1950,27,23.7,601,37.175876,48.940206,"b","H 7",568.184
"128",384,"masouleh_EA2","exclosure","masouleh","N",1950,27,23.7,601,37.175876,48.940206,"b","H 8",1068.098
"129",385,"masouleh_GA1","grazing","masouleh","SE",2216,60,16.6,502,37.169036,48.918775,"c","A 1",118.101
"130",386,"masouleh_GA1","grazing","masouleh","SE",2216,60,16.6,502,37.169036,48.918775,"c","A 2",187.581
"131",387,"masouleh_GA1","grazing","masouleh","SE",2216,60,16.6,502,37.169036,48.918775,"c","A 3",135.601
"132",388,"masouleh_GA1","grazing","masouleh","SE",2216,60,16.6,502,37.169036,48.918775,"c","A 4",128.391
"133",389,"masouleh_GA1","grazing","masouleh","SE",2216,60,16.6,502,37.169036,48.918775,"c","A 5",124.63002
"134",390,"masouleh_GA1","grazing","masouleh","SE",2216,60,16.6,502,37.169036,48.918775,"c","A 6",240.676
"135",391,"masouleh_GA1","grazing","masouleh","SE",2216,60,16.6,502,37.169036,48.918775,"c","A 7",236.277
"136",392,"masouleh_GA1","grazing","masouleh","SE",2216,60,16.6,502,37.169036,48.918775,"c","A 8",308.185
"137",393,"masouleh_GA1","grazing","masouleh","SE",2216,60,16.6,502,37.169036,48.918775,"c","B 1",143.7329
"138",394,"masouleh_GA1","grazing","masouleh","SE",2216,60,16.6,502,37.169036,48.918775,"c","B 2",194.918
"139",395,"masouleh_GA1","grazing","masouleh","SE",2216,60,16.6,502,37.169036,48.918775,"c","B 3",297.7832
"140",396,"masouleh_GA1","grazing","masouleh","SE",2216,60,16.6,502,37.169036,48.918775,"c","B 4",76.913
"141",397,"masouleh_GA1","grazing","masouleh","SE",2216,60,16.6,502,37.169036,48.918775,"c","B 5",199.5693
"142",398,"masouleh_GA1","grazing","masouleh","SE",2216,60,16.6,502,37.169036,48.918775,"c","B 6",310.1132
"143",399,"masouleh_GA1","grazing","masouleh","SE",2216,60,16.6,502,37.169036,48.918775,"c","B 7",255.259
"144",400,"masouleh_GA1","grazing","masouleh","SE",2216,60,16.6,502,37.169036,48.918775,"c","B 8",356.841
"145",401,"masouleh_GA1","grazing","masouleh","SE",2216,60,16.6,502,37.169036,48.918775,"c","C 1",116.526
"146",402,"masouleh_GA1","grazing","masouleh","SE",2216,60,16.6,502,37.169036,48.918775,"c","C 2",200.904
"147",403,"masouleh_GA1","grazing","masouleh","SE",2216,60,16.6,502,37.169036,48.918775,"c","C 3",286.33
"148",404,"masouleh_GA1","grazing","masouleh","SE",2216,60,16.6,502,37.169036,48.918775,"c","C 4",112.037
"149",405,"masouleh_GA1","grazing","masouleh","SE",2216,60,16.6,502,37.169036,48.918775,"c","C 5",107.1237
"150",406,"masouleh_GA1","grazing","masouleh","SE",2216,60,16.6,502,37.169036,48.918775,"c","C 6",287.297
"151",407,"masouleh_GA1","grazing","masouleh","SE",2216,60,16.6,502,37.169036,48.918775,"c","C 7",194.016
"152",408,"masouleh_GA1","grazing","masouleh","SE",2216,60,16.6,502,37.169036,48.918775,"c","C 8",178.487
"153",409,"masouleh_GA1","grazing","masouleh","SE",2216,60,16.6,502,37.169036,48.918775,"c","D 1",390.6565
"154",410,"masouleh_GA1","grazing","masouleh","SE",2216,60,16.6,502,37.169036,48.918775,"c","D 2",228.94
"155",411,"masouleh_GA1","grazing","masouleh","SE",2216,60,16.6,502,37.169036,48.918775,"c","D 3",314.558
"156",412,"masouleh_GA1","grazing","masouleh","SE",2216,60,16.6,502,37.169036,48.918775,"c","D 4",228.208
"157",413,"masouleh_GA1","grazing","masouleh","SE",2216,60,16.6,502,37.169036,48.918775,"c","D 5",153.3323
"158",414,"masouleh_GA1","grazing","masouleh","SE",2216,60,16.6,502,37.169036,48.918775,"c","D 6",143.3695
"159",415,"masouleh_GA1","grazing","masouleh","SE",2216,60,16.6,502,37.169036,48.918775,"c","D 7",309.187
"160",416,"masouleh_GA1","grazing","masouleh","SE",2216,60,16.6,502,37.169036,48.918775,"c","D 8",337.799
"161",417,"masouleh_GA1","grazing","masouleh","SE",2216,60,16.6,502,37.169036,48.918775,"c","E 1",249.025
"162",418,"masouleh_GA1","grazing","masouleh","SE",2216,60,16.6,502,37.169036,48.918775,"c","E 2",300.013
"163",419,"masouleh_GA1","grazing","masouleh","SE",2216,60,16.6,502,37.169036,48.918775,"c","E 3",183.815
"164",420,"masouleh_GA1","grazing","masouleh","SE",2216,60,16.6,502,37.169036,48.918775,"c","E 4",210.5385
"165",421,"masouleh_GA1","grazing","masouleh","SE",2216,60,16.6,502,37.169036,48.918775,"c","E 5",146.614
"166",422,"masouleh_GA1","grazing","masouleh","SE",2216,60,16.6,502,37.169036,48.918775,"c","E 6",254.595
"167",423,"masouleh_GA1","grazing","masouleh","SE",2216,60,16.6,502,37.169036,48.918775,"c","E 7",325.9
"168",424,"masouleh_GA1","grazing","masouleh","SE",2216,60,16.6,502,37.169036,48.918775,"c","E 8",127.276
"169",425,"masouleh_GA1","grazing","masouleh","SE",2216,60,16.6,502,37.169036,48.918775,"c","F 1",211.929
"170",426,"masouleh_GA1","grazing","masouleh","SE",2216,60,16.6,502,37.169036,48.918775,"c","F 2",214.106
"171",427,"masouleh_GA1","grazing","masouleh","SE",2216,60,16.6,502,37.169036,48.918775,"c","F 3",109.8692
"172",428,"masouleh_GA1","grazing","masouleh","SE",2216,60,16.6,502,37.169036,48.918775,"c","F 4",103.695
"173",429,"masouleh_GA1","grazing","masouleh","SE",2216,60,16.6,502,37.169036,48.918775,"c","F 5",229.004
"174",430,"masouleh_GA1","grazing","masouleh","SE",2216,60,16.6,502,37.169036,48.918775,"c","F 6",299.255
"175",431,"masouleh_GA1","grazing","masouleh","SE",2216,60,16.6,502,37.169036,48.918775,"c","F 7",344.667
"176",432,"masouleh_GA1","grazing","masouleh","SE",2216,60,16.6,502,37.169036,48.918775,"c","F 8",62.918
"177",433,"masouleh_GA1","grazing","masouleh","SE",2216,60,16.6,502,37.169036,48.918775,"c","G 1",268.854
"178",434,"masouleh_GA1","grazing","masouleh","SE",2216,60,16.6,502,37.169036,48.918775,"c","G 2",383.156
"179",435,"masouleh_GA1","grazing","masouleh","SE",2216,60,16.6,502,37.169036,48.918775,"c","G 3",170.4973
"180",436,"masouleh_GA1","grazing","masouleh","SE",2216,60,16.6,502,37.169036,48.918775,"c","G 4",193.3555
"181",437,"masouleh_GA1","grazing","masouleh","SE",2216,60,16.6,502,37.169036,48.918775,"c","G 5",153.0099
"182",438,"masouleh_GA1","grazing","masouleh","SE",2216,60,16.6,502,37.169036,48.918775,"c","G 6",209.649
"183",439,"masouleh_GA1","grazing","masouleh","SE",2216,60,16.6,502,37.169036,48.918775,"c","G 7",305.1
"184",440,"masouleh_GA1","grazing","masouleh","SE",2216,60,16.6,502,37.169036,48.918775,"c","G 8",87.36
"185",441,"masouleh_GA1","grazing","masouleh","SE",2216,60,16.6,502,37.169036,48.918775,"c","H 1",314.065
"186",442,"masouleh_GA1","grazing","masouleh","SE",2216,60,16.6,502,37.169036,48.918775,"c","H 2",334.513
"187",443,"masouleh_GA1","grazing","masouleh","SE",2216,60,16.6,502,37.169036,48.918775,"c","H 3",117.99
"188",444,"masouleh_GA1","grazing","masouleh","SE",2216,60,16.6,502,37.169036,48.918775,"c","H 4",157.18
"189",445,"masouleh_GA1","grazing","masouleh","SE",2216,60,16.6,502,37.169036,48.918775,"c","H 5",201.698
"190",446,"masouleh_GA1","grazing","masouleh","SE",2216,60,16.6,502,37.169036,48.918775,"c","H 6",221.611
"191",447,"masouleh_GA1","grazing","masouleh","SE",2216,60,16.6,502,37.169036,48.918775,"c","H 7",150.634
"192",448,"masouleh_GA1","grazing","masouleh","SE",2216,60,16.6,502,37.169036,48.918775,"c","H 8",112.28
"193",449,"masouleh_GA2","grazing","masouleh","NE",2188,5,16.6,502,37.169202,48.920883,"c","A 1",455.436
"194",450,"masouleh_GA2","grazing","masouleh","NE",2188,5,16.6,502,37.169202,48.920883,"c","A 2",824.367
"195",451,"masouleh_GA2","grazing","masouleh","NE",2188,5,16.6,502,37.169202,48.920883,"c","A 3",842.895
"196",452,"masouleh_GA2","grazing","masouleh","NE",2188,5,16.6,502,37.169202,48.920883,"c","A 4",603.905
"197",453,"masouleh_GA2","grazing","masouleh","NE",2188,5,16.6,502,37.169202,48.920883,"c","A 5",589.858
"198",454,"masouleh_GA2","grazing","masouleh","NE",2188,5,16.6,502,37.169202,48.920883,"c","A 6",377.144
"199",455,"masouleh_GA2","grazing","masouleh","NE",2188,5,16.6,502,37.169202,48.920883,"c","A 7",545.477
"200",456,"masouleh_GA2","grazing","masouleh","NE",2188,5,16.6,502,37.169202,48.920883,"c","A 8",706.646
"201",457,"masouleh_GA2","grazing","masouleh","NE",2188,5,16.6,502,37.169202,48.920883,"c","B 1",15.88
"202",458,"masouleh_GA2","grazing","masouleh","NE",2188,5,16.6,502,37.169202,48.920883,"c","B 2",789.125
"203",459,"masouleh_GA2","grazing","masouleh","NE",2188,5,16.6,502,37.169202,48.920883,"c","B 3",576.659
"204",460,"masouleh_GA2","grazing","masouleh","NE",2188,5,16.6,502,37.169202,48.920883,"c","B 4",566.82
"205",461,"masouleh_GA2","grazing","masouleh","NE",2188,5,16.6,502,37.169202,48.920883,"c","B 5",463.294
"206",462,"masouleh_GA2","grazing","masouleh","NE",2188,5,16.6,502,37.169202,48.920883,"c","B 6",559.568
"207",463,"masouleh_GA2","grazing","masouleh","NE",2188,5,16.6,502,37.169202,48.920883,"c","B 7",358.246
"208",464,"masouleh_GA2","grazing","masouleh","NE",2188,5,16.6,502,37.169202,48.920883,"c","B 8",496.692
"209",465,"masouleh_GA2","grazing","masouleh","NE",2188,5,16.6,502,37.169202,48.920883,"c","C 1",535.325
"210",466,"masouleh_GA2","grazing","masouleh","NE",2188,5,16.6,502,37.169202,48.920883,"c","C 2",641.797
"211",467,"masouleh_GA2","grazing","masouleh","NE",2188,5,16.6,502,37.169202,48.920883,"c","C 3",595.096
"212",468,"masouleh_GA2","grazing","masouleh","NE",2188,5,16.6,502,37.169202,48.920883,"c","C 4",692.002
"213",469,"masouleh_GA2","grazing","masouleh","NE",2188,5,16.6,502,37.169202,48.920883,"c","C 5",606.519
"214",470,"masouleh_GA2","grazing","masouleh","NE",2188,5,16.6,502,37.169202,48.920883,"c","C 6",342.508
"215",471,"masouleh_GA2","grazing","masouleh","NE",2188,5,16.6,502,37.169202,48.920883,"c","C 7",286.652
"216",472,"masouleh_GA2","grazing","masouleh","NE",2188,5,16.6,502,37.169202,48.920883,"c","C 8",458.336
"217",473,"masouleh_GA2","grazing","masouleh","NE",2188,5,16.6,502,37.169202,48.920883,"c","D 1",34.9
"218",474,"masouleh_GA2","grazing","masouleh","NE",2188,5,16.6,502,37.169202,48.920883,"c","D 2",734.928
"219",475,"masouleh_GA2","grazing","masouleh","NE",2188,5,16.6,502,37.169202,48.920883,"c","D 3",540.629
"220",476,"masouleh_GA2","grazing","masouleh","NE",2188,5,16.6,502,37.169202,48.920883,"c","D 4",877.322
"221",477,"masouleh_GA2","grazing","masouleh","NE",2188,5,16.6,502,37.169202,48.920883,"c","D 5",708.526
"222",478,"masouleh_GA2","grazing","masouleh","NE",2188,5,16.6,502,37.169202,48.920883,"c","D 6",422.837
"223",479,"masouleh_GA2","grazing","masouleh","NE",2188,5,16.6,502,37.169202,48.920883,"c","D 7",595.839
"224",480,"masouleh_GA2","grazing","masouleh","NE",2188,5,16.6,502,37.169202,48.920883,"c","D 8",423.968
"225",481,"masouleh_GA2","grazing","masouleh","NE",2188,5,16.6,502,37.169202,48.920883,"c","E 1",811.359
"226",482,"masouleh_GA2","grazing","masouleh","NE",2188,5,16.6,502,37.169202,48.920883,"c","E 2",668.464
"227",483,"masouleh_GA2","grazing","masouleh","NE",2188,5,16.6,502,37.169202,48.920883,"c","E 3",698.526
"228",484,"masouleh_GA2","grazing","masouleh","NE",2188,5,16.6,502,37.169202,48.920883,"c","E 4",398.924
"229",485,"masouleh_GA2","grazing","masouleh","NE",2188,5,16.6,502,37.169202,48.920883,"c","E 5",375.109
"230",486,"masouleh_GA2","grazing","masouleh","NE",2188,5,16.6,502,37.169202,48.920883,"c","E 6",319.5
"231",487,"masouleh_GA2","grazing","masouleh","NE",2188,5,16.6,502,37.169202,48.920883,"c","E 7",636.756
"232",488,"masouleh_GA2","grazing","masouleh","NE",2188,5,16.6,502,37.169202,48.920883,"c","E 8",499.94
"233",490,"masouleh_GA2","grazing","masouleh","NE",2188,5,16.6,502,37.169202,48.920883,"c","F 2",749.81
"234",491,"masouleh_GA2","grazing","masouleh","NE",2188,5,16.6,502,37.169202,48.920883,"c","F 3",544.588
"235",492,"masouleh_GA2","grazing","masouleh","NE",2188,5,16.6,502,37.169202,48.920883,"c","F 4",563.349
"236",493,"masouleh_GA2","grazing","masouleh","NE",2188,5,16.6,502,37.169202,48.920883,"c","F 5",401.308
"237",494,"masouleh_GA2","grazing","masouleh","NE",2188,5,16.6,502,37.169202,48.920883,"c","F 6",359.587
"238",495,"masouleh_GA2","grazing","masouleh","NE",2188,5,16.6,502,37.169202,48.920883,"c","F 7",651.897
"239",496,"masouleh_GA2","grazing","masouleh","NE",2188,5,16.6,502,37.169202,48.920883,"c","F 8",335.654
"240",497,"masouleh_GA2","grazing","masouleh","NE",2188,5,16.6,502,37.169202,48.920883,"c","G 1",494.335
"241",498,"masouleh_GA2","grazing","masouleh","NE",2188,5,16.6,502,37.169202,48.920883,"c","G 2",663.143
"242",499,"masouleh_GA2","grazing","masouleh","NE",2188,5,16.6,502,37.169202,48.920883,"c","G 3",565.923
"243",500,"masouleh_GA2","grazing","masouleh","NE",2188,5,16.6,502,37.169202,48.920883,"c","G 4",460.597
"244",501,"masouleh_GA2","grazing","masouleh","NE",2188,5,16.6,502,37.169202,48.920883,"c","G 5",403.881
"245",502,"masouleh_GA2","grazing","masouleh","NE",2188,5,16.6,502,37.169202,48.920883,"c","G 6",275.176
"246",503,"masouleh_GA2","grazing","masouleh","NE",2188,5,16.6,502,37.169202,48.920883,"c","G 7",463.53
"247",504,"masouleh_GA2","grazing","masouleh","NE",2188,5,16.6,502,37.169202,48.920883,"c","G 8",425.105
"248",506,"masouleh_GA2","grazing","masouleh","NE",2188,5,16.6,502,37.169202,48.920883,"c","H 2",416.1
"249",507,"masouleh_GA2","grazing","masouleh","NE",2188,5,16.6,502,37.169202,48.920883,"c","H 3",467.783
"250",508,"masouleh_GA2","grazing","masouleh","NE",2188,5,16.6,502,37.169202,48.920883,"c","H 4",891.786
"251",509,"masouleh_GA2","grazing","masouleh","NE",2188,5,16.6,502,37.169202,48.920883,"c","H 5",678.717
"252",510,"masouleh_GA2","grazing","masouleh","NE",2188,5,16.6,502,37.169202,48.920883,"c","H 6",465.665
"253",511,"masouleh_GA2","grazing","masouleh","NE",2188,5,16.6,502,37.169202,48.920883,"c","H 7",466.847
"254",512,"masouleh_GA2","grazing","masouleh","NE",2188,5,16.6,502,37.169202,48.920883,"c","H 8",238.757
"255",513,"maz_java_EA1","exclosure","maz_java","E",1838,10,13,675,36.85629,50.470124,"b","A 1",353.436
"256",514,"maz_java_EA1","exclosure","maz_java","E",1838,10,13,675,36.85629,50.470124,"b","A 2",590.751
"257",515,"maz_java_EA1","exclosure","maz_java","E",1838,10,13,675,36.85629,50.470124,"b","A 3",400.072
"258",516,"maz_java_EA1","exclosure","maz_java","E",1838,10,13,675,36.85629,50.470124,"b","A 4",755.346
"259",517,"maz_java_EA1","exclosure","maz_java","E",1838,10,13,675,36.85629,50.470124,"b","A 5",388.508
"260",518,"maz_java_EA1","exclosure","maz_java","E",1838,10,13,675,36.85629,50.470124,"b","A 6",650.839
"261",519,"maz_java_EA1","exclosure","maz_java","E",1838,10,13,675,36.85629,50.470124,"b","A 7",578.186
"262",520,"maz_java_EA1","exclosure","maz_java","E",1838,10,13,675,36.85629,50.470124,"b","A 8",860.394
"263",521,"maz_java_EA1","exclosure","maz_java","E",1838,10,13,675,36.85629,50.470124,"b","B 1",721.027
"264",522,"maz_java_EA1","exclosure","maz_java","E",1838,10,13,675,36.85629,50.470124,"b","B 2",669.247
"265",523,"maz_java_EA1","exclosure","maz_java","E",1838,10,13,675,36.85629,50.470124,"b","B 3",588.618
"266",524,"maz_java_EA1","exclosure","maz_java","E",1838,10,13,675,36.85629,50.470124,"b","B 4",470.234
"267",525,"maz_java_EA1","exclosure","maz_java","E",1838,10,13,675,36.85629,50.470124,"b","B 5",763.461
"268",526,"maz_java_EA1","exclosure","maz_java","E",1838,10,13,675,36.85629,50.470124,"b","B 6",410.727
"269",527,"maz_java_EA1","exclosure","maz_java","E",1838,10,13,675,36.85629,50.470124,"b","B 7",795.696
"270",528,"maz_java_EA1","exclosure","maz_java","E",1838,10,13,675,36.85629,50.470124,"b","B 8",551.769
"271",529,"maz_java_EA1","exclosure","maz_java","E",1838,10,13,675,36.85629,50.470124,"b","C 1",978.288
"272",530,"maz_java_EA1","exclosure","maz_java","E",1838,10,13,675,36.85629,50.470124,"b","C 2",703.737
"273",531,"maz_java_EA1","exclosure","maz_java","E",1838,10,13,675,36.85629,50.470124,"b","C 3",446.346
"274",532,"maz_java_EA1","exclosure","maz_java","E",1838,10,13,675,36.85629,50.470124,"b","C 4",614.225
"275",533,"maz_java_EA1","exclosure","maz_java","E",1838,10,13,675,36.85629,50.470124,"b","C 5",664.925
"276",534,"maz_java_EA1","exclosure","maz_java","E",1838,10,13,675,36.85629,50.470124,"b","C 6",335.217
"277",535,"maz_java_EA1","exclosure","maz_java","E",1838,10,13,675,36.85629,50.470124,"b","C 7",905.048
"278",536,"maz_java_EA1","exclosure","maz_java","E",1838,10,13,675,36.85629,50.470124,"b","C 8",655.364
"279",537,"maz_java_EA1","exclosure","maz_java","E",1838,10,13,675,36.85629,50.470124,"b","D 1",779.338
"280",538,"maz_java_EA1","exclosure","maz_java","E",1838,10,13,675,36.85629,50.470124,"b","D 2",870.532
"281",539,"maz_java_EA1","exclosure","maz_java","E",1838,10,13,675,36.85629,50.470124,"b","D 3",547.969
"282",540,"maz_java_EA1","exclosure","maz_java","E",1838,10,13,675,36.85629,50.470124,"b","D 4",372.229
"283",541,"maz_java_EA1","exclosure","maz_java","E",1838,10,13,675,36.85629,50.470124,"b","D 5",507.868
"284",542,"maz_java_EA1","exclosure","maz_java","E",1838,10,13,675,36.85629,50.470124,"b","D 6",517.894
"285",543,"maz_java_EA1","exclosure","maz_java","E",1838,10,13,675,36.85629,50.470124,"b","D 7",758.84
"286",544,"maz_java_EA1","exclosure","maz_java","E",1838,10,13,675,36.85629,50.470124,"b","D 8",814.921
"287",545,"maz_java_EA1","exclosure","maz_java","E",1838,10,13,675,36.85629,50.470124,"b","E 1",731.701
"288",546,"maz_java_EA1","exclosure","maz_java","E",1838,10,13,675,36.85629,50.470124,"b","E 2",602.661
"289",547,"maz_java_EA1","exclosure","maz_java","E",1838,10,13,675,36.85629,50.470124,"b","E 3",663.194
"290",548,"maz_java_EA1","exclosure","maz_java","E",1838,10,13,675,36.85629,50.470124,"b","E 4",513.224
"291",549,"maz_java_EA1","exclosure","maz_java","E",1838,10,13,675,36.85629,50.470124,"b","E 5",705.711
"292",550,"maz_java_EA1","exclosure","maz_java","E",1838,10,13,675,36.85629,50.470124,"b","E 6",588.682
"293",551,"maz_java_EA1","exclosure","maz_java","E",1838,10,13,675,36.85629,50.470124,"b","E 7",883.681
"294",552,"maz_java_EA1","exclosure","maz_java","E",1838,10,13,675,36.85629,50.470124,"b","E 8",791.439
"295",553,"maz_java_EA1","exclosure","maz_java","E",1838,10,13,675,36.85629,50.470124,"b","F 1",828.896
"296",554,"maz_java_EA1","exclosure","maz_java","E",1838,10,13,675,36.85629,50.470124,"b","F 2",745.508
"297",555,"maz_java_EA1","exclosure","maz_java","E",1838,10,13,675,36.85629,50.470124,"b","F 3",847.811
"298",556,"maz_java_EA1","exclosure","maz_java","E",1838,10,13,675,36.85629,50.470124,"b","F 4",553.773
"299",557,"maz_java_EA1","exclosure","maz_java","E",1838,10,13,675,36.85629,50.470124,"b","F 5",627.996
"300",558,"maz_java_EA1","exclosure","maz_java","E",1838,10,13,675,36.85629,50.470124,"b","F 6",492.142
"301",559,"maz_java_EA1","exclosure","maz_java","E",1838,10,13,675,36.85629,50.470124,"b","F 7",647.815
"302",560,"maz_java_EA1","exclosure","maz_java","E",1838,10,13,675,36.85629,50.470124,"b","F 8",722.675
"303",561,"maz_java_EA1","exclosure","maz_java","E",1838,10,13,675,36.85629,50.470124,"b","G 1",517.411
"304",562,"maz_java_EA1","exclosure","maz_java","E",1838,10,13,675,36.85629,50.470124,"b","G 2",568.69
"305",563,"maz_java_EA1","exclosure","maz_java","E",1838,10,13,675,36.85629,50.470124,"b","G 3",300.556
"306",564,"maz_java_EA1","exclosure","maz_java","E",1838,10,13,675,36.85629,50.470124,"b","G 4",239.26
"307",565,"maz_java_EA1","exclosure","maz_java","E",1838,10,13,675,36.85629,50.470124,"b","G 5",303.075
"308",566,"maz_java_EA1","exclosure","maz_java","E",1838,10,13,675,36.85629,50.470124,"b","G 6",347.313
"309",567,"maz_java_EA1","exclosure","maz_java","E",1838,10,13,675,36.85629,50.470124,"b","G 7",634.347
"310",568,"maz_java_EA1","exclosure","maz_java","E",1838,10,13,675,36.85629,50.470124,"b","G 8",725.837
"311",569,"maz_java_EA1","exclosure","maz_java","E",1838,10,13,675,36.85629,50.470124,"b","H 1",360.014
"312",570,"maz_java_EA1","exclosure","maz_java","E",1838,10,13,675,36.85629,50.470124,"b","H 2",383.074
"313",571,"maz_java_EA1","exclosure","maz_java","E",1838,10,13,675,36.85629,50.470124,"b","H 3",340.534
"314",572,"maz_java_EA1","exclosure","maz_java","E",1838,10,13,675,36.85629,50.470124,"b","H 4",364.462
"315",573,"maz_java_EA1","exclosure","maz_java","E",1838,10,13,675,36.85629,50.470124,"b","H 5",288.647
"316",574,"maz_java_EA1","exclosure","maz_java","E",1838,10,13,675,36.85629,50.470124,"b","H 6",313.873
"317",575,"maz_java_EA1","exclosure","maz_java","E",1838,10,13,675,36.85629,50.470124,"b","H 7",595.822
"318",577,"maz_java_GA1","grazing","maz_java","SW",2347,60,11,670,36.866934,50.448812,"c","A 1",697.819
"319",578,"maz_java_GA1","grazing","maz_java","SW",2347,60,11,670,36.866934,50.448812,"c","A 2",841.927
"320",579,"maz_java_GA1","grazing","maz_java","SW",2347,60,11,670,36.866934,50.448812,"c","A 3",878.005
"321",580,"maz_java_GA1","grazing","maz_java","SW",2347,60,11,670,36.866934,50.448812,"c","A 4",987.773
"322",581,"maz_java_GA1","grazing","maz_java","SW",2347,60,11,670,36.866934,50.448812,"c","A 5",644.411
"323",582,"maz_java_GA1","grazing","maz_java","SW",2347,60,11,670,36.866934,50.448812,"c","A 6",621.99
"324",583,"maz_java_GA1","grazing","maz_java","SW",2347,60,11,670,36.866934,50.448812,"c","A 7",675.798
"325",584,"maz_java_GA1","grazing","maz_java","SW",2347,60,11,670,36.866934,50.448812,"c","A 8",654.83
"326",585,"maz_java_GA1","grazing","maz_java","SW",2347,60,11,670,36.866934,50.448812,"c","B 1",757.392
"327",586,"maz_java_GA1","grazing","maz_java","SW",2347,60,11,670,36.866934,50.448812,"c","B 2",577.699
"328",587,"maz_java_GA1","grazing","maz_java","SW",2347,60,11,670,36.866934,50.448812,"c","B 3",817.818
"329",588,"maz_java_GA1","grazing","maz_java","SW",2347,60,11,670,36.866934,50.448812,"c","B 4",808.51
"330",589,"maz_java_GA1","grazing","maz_java","SW",2347,60,11,670,36.866934,50.448812,"c","B 5",702.948
"331",590,"maz_java_GA1","grazing","maz_java","SW",2347,60,11,670,36.866934,50.448812,"c","B 6",779.286
"332",591,"maz_java_GA1","grazing","maz_java","SW",2347,60,11,670,36.866934,50.448812,"c","B 7",835.874
"333",592,"maz_java_GA1","grazing","maz_java","SW",2347,60,11,670,36.866934,50.448812,"c","B 8",806.928
"334",593,"maz_java_GA1","grazing","maz_java","SW",2347,60,11,670,36.866934,50.448812,"c","C 1",751.566
"335",594,"maz_java_GA1","grazing","maz_java","SW",2347,60,11,670,36.866934,50.448812,"c","C 2",834.456
"336",595,"maz_java_GA1","grazing","maz_java","SW",2347,60,11,670,36.866934,50.448812,"c","C 3",375.004
"337",596,"maz_java_GA1","grazing","maz_java","SW",2347,60,11,670,36.866934,50.448812,"c","C 4",644.077
"338",597,"maz_java_GA1","grazing","maz_java","SW",2347,60,11,670,36.866934,50.448812,"c","C 5",916.49
"339",598,"maz_java_GA1","grazing","maz_java","SW",2347,60,11,670,36.866934,50.448812,"c","C 6",649.493
"340",599,"maz_java_GA1","grazing","maz_java","SW",2347,60,11,670,36.866934,50.448812,"c","C 7",676.729
"341",600,"maz_java_GA1","grazing","maz_java","SW",2347,60,11,670,36.866934,50.448812,"c","C 8",695.02
"342",601,"maz_java_GA1","grazing","maz_java","SW",2347,60,11,670,36.866934,50.448812,"c","D 1",812.778
"343",602,"maz_java_GA1","grazing","maz_java","SW",2347,60,11,670,36.866934,50.448812,"c","D 2",919.558
"344",603,"maz_java_GA1","grazing","maz_java","SW",2347,60,11,670,36.866934,50.448812,"c","D 3",822.868
"345",604,"maz_java_GA1","grazing","maz_java","SW",2347,60,11,670,36.866934,50.448812,"c","D 4",686.586
"346",605,"maz_java_GA1","grazing","maz_java","SW",2347,60,11,670,36.866934,50.448812,"c","D 5",681.859
"347",606,"maz_java_GA1","grazing","maz_java","SW",2347,60,11,670,36.866934,50.448812,"c","D 6",1020.693
"348",607,"maz_java_GA1","grazing","maz_java","SW",2347,60,11,670,36.866934,50.448812,"c","D 7",830.405
"349",608,"maz_java_GA1","grazing","maz_java","SW",2347,60,11,670,36.866934,50.448812,"c","D 8",805.52
"350",609,"maz_java_GA1","grazing","maz_java","SW",2347,60,11,670,36.866934,50.448812,"c","E 1",849.373
"351",610,"maz_java_GA1","grazing","maz_java","SW",2347,60,11,670,36.866934,50.448812,"c","E 2",991.138
"352",611,"maz_java_GA1","grazing","maz_java","SW",2347,60,11,670,36.866934,50.448812,"c","E 3",943.64
"353",612,"maz_java_GA1","grazing","maz_java","SW",2347,60,11,670,36.866934,50.448812,"c","E 4",865.023
"354",613,"maz_java_GA1","grazing","maz_java","SW",2347,60,11,670,36.866934,50.448812,"c","E 5",727.255
"355",614,"maz_java_GA1","grazing","maz_java","SW",2347,60,11,670,36.866934,50.448812,"c","E 6",638.208
"356",615,"maz_java_GA1","grazing","maz_java","SW",2347,60,11,670,36.866934,50.448812,"c","E 7",732.351
"357",616,"maz_java_GA1","grazing","maz_java","SW",2347,60,11,670,36.866934,50.448812,"c","E 8",858.324
"358",617,"maz_java_GA1","grazing","maz_java","SW",2347,60,11,670,36.866934,50.448812,"c","F 1",731.863
"359",618,"maz_java_GA1","grazing","maz_java","SW",2347,60,11,670,36.866934,50.448812,"c","F 2",1069.426
"360",619,"maz_java_GA1","grazing","maz_java","SW",2347,60,11,670,36.866934,50.448812,"c","F 3",971.915
"361",620,"maz_java_GA1","grazing","maz_java","SW",2347,60,11,670,36.866934,50.448812,"c","F 4",607.081
"362",621,"maz_java_GA1","grazing","maz_java","SW",2347,60,11,670,36.866934,50.448812,"c","F 5",787.817
"363",622,"maz_java_GA1","grazing","maz_java","SW",2347,60,11,670,36.866934,50.448812,"c","F 6",991.432
"364",623,"maz_java_GA1","grazing","maz_java","SW",2347,60,11,670,36.866934,50.448812,"c","F 7",756.653
"365",624,"maz_java_GA1","grazing","maz_java","SW",2347,60,11,670,36.866934,50.448812,"c","F 8",817.577
"366",625,"maz_java_GA1","grazing","maz_java","SW",2347,60,11,670,36.866934,50.448812,"c","G 1",743.102
"367",626,"maz_java_GA1","grazing","maz_java","SW",2347,60,11,670,36.866934,50.448812,"c","G 2",1062.077
"368",627,"maz_java_GA1","grazing","maz_java","SW",2347,60,11,670,36.866934,50.448812,"c","G 3",794.179
"369",628,"maz_java_GA1","grazing","maz_java","SW",2347,60,11,670,36.866934,50.448812,"c","G 4",516.983
"370",629,"maz_java_GA1","grazing","maz_java","SW",2347,60,11,670,36.866934,50.448812,"c","G 5",947.941
"371",630,"maz_java_GA1","grazing","maz_java","SW",2347,60,11,670,36.866934,50.448812,"c","G 6",802.655
"372",631,"maz_java_GA1","grazing","maz_java","SW",2347,60,11,670,36.866934,50.448812,"c","G 7",746.121
"373",632,"maz_java_GA1","grazing","maz_java","SW",2347,60,11,670,36.866934,50.448812,"c","G 8",770.568
"374",633,"maz_java_GA1","grazing","maz_java","SW",2347,60,11,670,36.866934,50.448812,"c","H 1",650.813
"375",634,"maz_java_GA1","grazing","maz_java","SW",2347,60,11,670,36.866934,50.448812,"c","H 2",1070.816
"376",635,"maz_java_GA1","grazing","maz_java","SW",2347,60,11,670,36.866934,50.448812,"c","H 3",1000.288
"377",636,"maz_java_GA1","grazing","maz_java","SW",2347,60,11,670,36.866934,50.448812,"c","H 4",957.163
"378",637,"maz_java_GA1","grazing","maz_java","SW",2347,60,11,670,36.866934,50.448812,"c","H 5",1222.301
"379",638,"maz_java_GA1","grazing","maz_java","SW",2347,60,11,670,36.866934,50.448812,"c","H 6",724.681
"380",639,"maz_java_GA1","grazing","maz_java","SW",2347,60,11,670,36.866934,50.448812,"c","H 7",498.203
"381",640,"maz_java_GA1","grazing","maz_java","SW",2347,60,11,670,36.866934,50.448812,"c","H 8",679.236
"382",641,"maz_java_GA2","grazing","maz_java","SW",2658,70,11,670,36.850133,50.436617,"d","A 1",803.301
"383",642,"maz_java_GA2","grazing","maz_java","SW",2658,70,11,670,36.850133,50.436617,"d","A 2",527.392
"384",643,"maz_java_GA2","grazing","maz_java","SW",2658,70,11,670,36.850133,50.436617,"d","A 3",504.35
"385",644,"maz_java_GA2","grazing","maz_java","SW",2658,70,11,670,36.850133,50.436617,"d","A 4",457.81
"386",645,"maz_java_GA2","grazing","maz_java","SW",2658,70,11,670,36.850133,50.436617,"d","A 5",431.156
"387",646,"maz_java_GA2","grazing","maz_java","SW",2658,70,11,670,36.850133,50.436617,"d","A 6",789.416
"388",647,"maz_java_GA2","grazing","maz_java","SW",2658,70,11,670,36.850133,50.436617,"d","A 7",492.611
"389",648,"maz_java_GA2","grazing","maz_java","SW",2658,70,11,670,36.850133,50.436617,"d","A 8",486.895
"390",649,"maz_java_GA2","grazing","maz_java","SW",2658,70,11,670,36.850133,50.436617,"d","B 1",661.525
"391",650,"maz_java_GA2","grazing","maz_java","SW",2658,70,11,670,36.850133,50.436617,"d","B 2",654.446
"392",651,"maz_java_GA2","grazing","maz_java","SW",2658,70,11,670,36.850133,50.436617,"d","B 3",403.193
"393",652,"maz_java_GA2","grazing","maz_java","SW",2658,70,11,670,36.850133,50.436617,"d","B 4",660.274
"394",653,"maz_java_GA2","grazing","maz_java","SW",2658,70,11,670,36.850133,50.436617,"d","B 5",684.188
"395",654,"maz_java_GA2","grazing","maz_java","SW",2658,70,11,670,36.850133,50.436617,"d","B 6",570.347
"396",655,"maz_java_GA2","grazing","maz_java","SW",2658,70,11,670,36.850133,50.436617,"d","B 7",391.662
"397",656,"maz_java_GA2","grazing","maz_java","SW",2658,70,11,670,36.850133,50.436617,"d","B 8",364.448
"398",657,"maz_java_GA2","grazing","maz_java","SW",2658,70,11,670,36.850133,50.436617,"d","C 1",608.324
"399",658,"maz_java_GA2","grazing","maz_java","SW",2658,70,11,670,36.850133,50.436617,"d","C 2",623.832
"400",659,"maz_java_GA2","grazing","maz_java","SW",2658,70,11,670,36.850133,50.436617,"d","C 3",633.717
"401",660,"maz_java_GA2","grazing","maz_java","SW",2658,70,11,670,36.850133,50.436617,"d","C 4",835.572
"402",661,"maz_java_GA2","grazing","maz_java","SW",2658,70,11,670,36.850133,50.436617,"d","C 5",409.803
"403",662,"maz_java_GA2","grazing","maz_java","SW",2658,70,11,670,36.850133,50.436617,"d","C 6",974.343
"404",663,"maz_java_GA2","grazing","maz_java","SW",2658,70,11,670,36.850133,50.436617,"d","C 7",463.262
"405",664,"maz_java_GA2","grazing","maz_java","SW",2658,70,11,670,36.850133,50.436617,"d","C 8",328.178
"406",665,"maz_java_GA2","grazing","maz_java","SW",2658,70,11,670,36.850133,50.436617,"d","D 1",835.618
"407",666,"maz_java_GA2","grazing","maz_java","SW",2658,70,11,670,36.850133,50.436617,"d","D 2",739.105
"408",667,"maz_java_GA2","grazing","maz_java","SW",2658,70,11,670,36.850133,50.436617,"d","D 3",566.333
"409",668,"maz_java_GA2","grazing","maz_java","SW",2658,70,11,670,36.850133,50.436617,"d","D 4",668.782
"410",669,"maz_java_GA2","grazing","maz_java","SW",2658,70,11,670,36.850133,50.436617,"d","D 5",581.726
"411",670,"maz_java_GA2","grazing","maz_java","SW",2658,70,11,670,36.850133,50.436617,"d","D 6",487.823
"412",671,"maz_java_GA2","grazing","maz_java","SW",2658,70,11,670,36.850133,50.436617,"d","D 7",546.604
"413",672,"maz_java_GA2","grazing","maz_java","SW",2658,70,11,670,36.850133,50.436617,"d","D 8",361.864
"414",673,"maz_java_GA2","grazing","maz_java","SW",2658,70,11,670,36.850133,50.436617,"d","E 1",849.578
"415",674,"maz_java_GA2","grazing","maz_java","SW",2658,70,11,670,36.850133,50.436617,"d","E 2",934.522
"416",675,"maz_java_GA2","grazing","maz_java","SW",2658,70,11,670,36.850133,50.436617,"d","E 3",817.433
"417",676,"maz_java_GA2","grazing","maz_java","SW",2658,70,11,670,36.850133,50.436617,"d","E 4",816.612
"418",677,"maz_java_GA2","grazing","maz_java","SW",2658,70,11,670,36.850133,50.436617,"d","E 5",710.967
"419",678,"maz_java_GA2","grazing","maz_java","SW",2658,70,11,670,36.850133,50.436617,"d","E 6",675.351
"420",679,"maz_java_GA2","grazing","maz_java","SW",2658,70,11,670,36.850133,50.436617,"d","E 7",577.461
"421",680,"maz_java_GA2","grazing","maz_java","SW",2658,70,11,670,36.850133,50.436617,"d","E 8",789.396
"422",681,"maz_java_GA2","grazing","maz_java","SW",2658,70,11,670,36.850133,50.436617,"d","F 1",866.683
"423",682,"maz_java_GA2","grazing","maz_java","SW",2658,70,11,670,36.850133,50.436617,"d","F 2",877.331
"424",683,"maz_java_GA2","grazing","maz_java","SW",2658,70,11,670,36.850133,50.436617,"d","F 3",651.176
"425",684,"maz_java_GA2","grazing","maz_java","SW",2658,70,11,670,36.850133,50.436617,"d","F 4",702.408
"426",685,"maz_java_GA2","grazing","maz_java","SW",2658,70,11,670,36.850133,50.436617,"d","F 5",660.777
"427",686,"maz_java_GA2","grazing","maz_java","SW",2658,70,11,670,36.850133,50.436617,"d","F 6",656.627
"428",687,"maz_java_GA2","grazing","maz_java","SW",2658,70,11,670,36.850133,50.436617,"d","F 7",368.055
"429",688,"maz_java_GA2","grazing","maz_java","SW",2658,70,11,670,36.850133,50.436617,"d","F 8",514.594
"430",689,"maz_java_GA2","grazing","maz_java","SW",2658,70,11,670,36.850133,50.436617,"d","G 1",866.459
"431",690,"maz_java_GA2","grazing","maz_java","SW",2658,70,11,670,36.850133,50.436617,"d","G 2",715.997
"432",691,"maz_java_GA2","grazing","maz_java","SW",2658,70,11,670,36.850133,50.436617,"d","G 3",729.986
"433",692,"maz_java_GA2","grazing","maz_java","SW",2658,70,11,670,36.850133,50.436617,"d","G 4",741.558
"434",693,"maz_java_GA2","grazing","maz_java","SW",2658,70,11,670,36.850133,50.436617,"d","G 5",555.64
"435",694,"maz_java_GA2","grazing","maz_java","SW",2658,70,11,670,36.850133,50.436617,"d","G 6",590.412
"436",695,"maz_java_GA2","grazing","maz_java","SW",2658,70,11,670,36.850133,50.436617,"d","G 7",403.257
"437",696,"maz_java_GA2","grazing","maz_java","SW",2658,70,11,670,36.850133,50.436617,"d","G 8",698.256
"438",697,"maz_java_GA2","grazing","maz_java","SW",2658,70,11,670,36.850133,50.436617,"d","H 1",1127.288
"439",698,"maz_java_GA2","grazing","maz_java","SW",2658,70,11,670,36.850133,50.436617,"d","H 2",371.801
"440",699,"maz_java_GA2","grazing","maz_java","SW",2658,70,11,670,36.850133,50.436617,"d","H 3",526.343
"441",700,"maz_java_GA2","grazing","maz_java","SW",2658,70,11,670,36.850133,50.436617,"d","H 4",474.742
"442",701,"maz_java_GA2","grazing","maz_java","SW",2658,70,11,670,36.850133,50.436617,"d","H 5",519.718
"443",702,"maz_java_GA2","grazing","maz_java","SW",2658,70,11,670,36.850133,50.436617,"d","H 6",504.425
"444",703,"maz_java_GA2","grazing","maz_java","SW",2658,70,11,670,36.850133,50.436617,"d","H 7",626.169
"445",705,"maz_po_EA1","exclosure","maz_po","flat",2414,1,9.07,535,35.861351,52.060705,"c","A 1",192.0473
"446",706,"maz_po_EA1","exclosure","maz_po","flat",2414,1,9.07,535,35.861351,52.060705,"c","A 2",178.377
"447",707,"maz_po_EA1","exclosure","maz_po","flat",2414,1,9.07,535,35.861351,52.060705,"c","A 3",161.952
"448",708,"maz_po_EA1","exclosure","maz_po","flat",2414,1,9.07,535,35.861351,52.060705,"c","A 4",145.435
"449",709,"maz_po_EA1","exclosure","maz_po","flat",2414,1,9.07,535,35.861351,52.060705,"c","A 5",174.25
"450",710,"maz_po_EA1","exclosure","maz_po","flat",2414,1,9.07,535,35.861351,52.060705,"c","A 6",171.053
"451",711,"maz_po_EA1","exclosure","maz_po","flat",2414,1,9.07,535,35.861351,52.060705,"c","A 7",125.607
"452",712,"maz_po_EA1","exclosure","maz_po","flat",2414,1,9.07,535,35.861351,52.060705,"c","A 8",396.456
"453",713,"maz_po_EA1","exclosure","maz_po","flat",2414,1,9.07,535,35.861351,52.060705,"c","B 1",231.521
"454",714,"maz_po_EA1","exclosure","maz_po","flat",2414,1,9.07,535,35.861351,52.060705,"c","B 2",359.925
"455",715,"maz_po_EA1","exclosure","maz_po","flat",2414,1,9.07,535,35.861351,52.060705,"c","B 3",209.67
"456",716,"maz_po_EA1","exclosure","maz_po","flat",2414,1,9.07,535,35.861351,52.060705,"c","B 4",159.512
"457",717,"maz_po_EA1","exclosure","maz_po","flat",2414,1,9.07,535,35.861351,52.060705,"c","B 5",333.994
"458",718,"maz_po_EA1","exclosure","maz_po","flat",2414,1,9.07,535,35.861351,52.060705,"c","B 6",258.019
"459",719,"maz_po_EA1","exclosure","maz_po","flat",2414,1,9.07,535,35.861351,52.060705,"c","B 7",127.43
"460",720,"maz_po_EA1","exclosure","maz_po","flat",2414,1,9.07,535,35.861351,52.060705,"c","B 8",183.352
"461",721,"maz_po_EA1","exclosure","maz_po","flat",2414,1,9.07,535,35.861351,52.060705,"c","C 1",183.25
"462",722,"maz_po_EA1","exclosure","maz_po","flat",2414,1,9.07,535,35.861351,52.060705,"c","C 2",183.98
"463",723,"maz_po_EA1","exclosure","maz_po","flat",2414,1,9.07,535,35.861351,52.060705,"c","C 3",222.993
"464",724,"maz_po_EA1","exclosure","maz_po","flat",2414,1,9.07,535,35.861351,52.060705,"c","C 4",172.784
"465",725,"maz_po_EA1","exclosure","maz_po","flat",2414,1,9.07,535,35.861351,52.060705,"c","C 5",225.357
"466",726,"maz_po_EA1","exclosure","maz_po","flat",2414,1,9.07,535,35.861351,52.060705,"c","C 6",216.324
"467",727,"maz_po_EA1","exclosure","maz_po","flat",2414,1,9.07,535,35.861351,52.060705,"c","C 7",299.16
"468",728,"maz_po_EA1","exclosure","maz_po","flat",2414,1,9.07,535,35.861351,52.060705,"c","C 8",173.65
"469",729,"maz_po_EA1","exclosure","maz_po","flat",2414,1,9.07,535,35.861351,52.060705,"c","D 1",168.184
"470",730,"maz_po_EA1","exclosure","maz_po","flat",2414,1,9.07,535,35.861351,52.060705,"c","D 2",178.215
"471",731,"maz_po_EA1","exclosure","maz_po","flat",2414,1,9.07,535,35.861351,52.060705,"c","D 3",174.981
"472",732,"maz_po_EA1","exclosure","maz_po","flat",2414,1,9.07,535,35.861351,52.060705,"c","D 4",132.803
"473",733,"maz_po_EA1","exclosure","maz_po","flat",2414,1,9.07,535,35.861351,52.060705,"c","D 5",244.559
"474",734,"maz_po_EA1","exclosure","maz_po","flat",2414,1,9.07,535,35.861351,52.060705,"c","D 6",231.3399
"475",735,"maz_po_EA1","exclosure","maz_po","flat",2414,1,9.07,535,35.861351,52.060705,"c","D 7",119.568
"476",736,"maz_po_EA1","exclosure","maz_po","flat",2414,1,9.07,535,35.861351,52.060705,"c","D 8",474.6427
"477",737,"maz_po_EA1","exclosure","maz_po","flat",2414,1,9.07,535,35.861351,52.060705,"c","E 1",163.603
"478",738,"maz_po_EA1","exclosure","maz_po","flat",2414,1,9.07,535,35.861351,52.060705,"c","E 2",350.563
"479",739,"maz_po_EA1","exclosure","maz_po","flat",2414,1,9.07,535,35.861351,52.060705,"c","E 3",190.51
"480",740,"maz_po_EA1","exclosure","maz_po","flat",2414,1,9.07,535,35.861351,52.060705,"c","E 4",217.57
"481",741,"maz_po_EA1","exclosure","maz_po","flat",2414,1,9.07,535,35.861351,52.060705,"c","E 5",230.133
"482",742,"maz_po_EA1","exclosure","maz_po","flat",2414,1,9.07,535,35.861351,52.060705,"c","E 6",237.057
"483",743,"maz_po_EA1","exclosure","maz_po","flat",2414,1,9.07,535,35.861351,52.060705,"c","E 7",359.808
"484",744,"maz_po_EA1","exclosure","maz_po","flat",2414,1,9.07,535,35.861351,52.060705,"c","E 8",182.354
"485",745,"maz_po_EA1","exclosure","maz_po","flat",2414,1,9.07,535,35.861351,52.060705,"c","F 1",218.501
"486",746,"maz_po_EA1","exclosure","maz_po","flat",2414,1,9.07,535,35.861351,52.060705,"c","F 2",125.013
"487",747,"maz_po_EA1","exclosure","maz_po","flat",2414,1,9.07,535,35.861351,52.060705,"c","F 3",190.703
"488",748,"maz_po_EA1","exclosure","maz_po","flat",2414,1,9.07,535,35.861351,52.060705,"c","F 4",188.945
"489",749,"maz_po_EA1","exclosure","maz_po","flat",2414,1,9.07,535,35.861351,52.060705,"c","F 5",163.16
"490",750,"maz_po_EA1","exclosure","maz_po","flat",2414,1,9.07,535,35.861351,52.060705,"c","F 6",151.897
"491",751,"maz_po_EA1","exclosure","maz_po","flat",2414,1,9.07,535,35.861351,52.060705,"c","F 7",151.567
"492",752,"maz_po_EA1","exclosure","maz_po","flat",2414,1,9.07,535,35.861351,52.060705,"c","F 8",235.43
"493",753,"maz_po_EA1","exclosure","maz_po","flat",2414,1,9.07,535,35.861351,52.060705,"c","G 1",192.981
"494",754,"maz_po_EA1","exclosure","maz_po","flat",2414,1,9.07,535,35.861351,52.060705,"c","G 2",210.927
"495",755,"maz_po_EA1","exclosure","maz_po","flat",2414,1,9.07,535,35.861351,52.060705,"c","G 3",186.286
"496",756,"maz_po_EA1","exclosure","maz_po","flat",2414,1,9.07,535,35.861351,52.060705,"c","G 4",154.593
"497",757,"maz_po_EA1","exclosure","maz_po","flat",2414,1,9.07,535,35.861351,52.060705,"c","G 5",187.231
"498",758,"maz_po_EA1","exclosure","maz_po","flat",2414,1,9.07,535,35.861351,52.060705,"c","G 6",158.623
"499",759,"maz_po_EA1","exclosure","maz_po","flat",2414,1,9.07,535,35.861351,52.060705,"c","G 7",293.882
"500",760,"maz_po_EA1","exclosure","maz_po","flat",2414,1,9.07,535,35.861351,52.060705,"c","G 8",237.759
"501",761,"maz_po_EA1","exclosure","maz_po","flat",2414,1,9.07,535,35.861351,52.060705,"c","H 1",298.441
"502",762,"maz_po_EA1","exclosure","maz_po","flat",2414,1,9.07,535,35.861351,52.060705,"c","H 2",495.767
"503",763,"maz_po_EA1","exclosure","maz_po","flat",2414,1,9.07,535,35.861351,52.060705,"c","H 3",160.177
"504",764,"maz_po_EA1","exclosure","maz_po","flat",2414,1,9.07,535,35.861351,52.060705,"c","H 4",168.551
"505",765,"maz_po_EA1","exclosure","maz_po","flat",2414,1,9.07,535,35.861351,52.060705,"c","H 5",206.54
"506",766,"maz_po_EA1","exclosure","maz_po","flat",2414,1,9.07,535,35.861351,52.060705,"c","H 6",222.193
"507",767,"maz_po_EA1","exclosure","maz_po","flat",2414,1,9.07,535,35.861351,52.060705,"c","H 7",219.9
"508",769,"maz_po_GA1","grazing","maz_po","NW",2893,29.16,9,535,35.897483,52.010294,"d","A 1",29.16
"509",770,"maz_po_GA1","grazing","maz_po","NW",2893,29.16,9,535,35.897483,52.010294,"d","A 2",181.824
"510",771,"maz_po_GA1","grazing","maz_po","NW",2893,29.16,9,535,35.897483,52.010294,"d","A 3",148.845
"511",772,"maz_po_GA1","grazing","maz_po","NW",2893,29.16,9,535,35.897483,52.010294,"d","A 4",461.995
"512",773,"maz_po_GA1","grazing","maz_po","NW",2893,29.16,9,535,35.897483,52.010294,"d","A 5",177.353
"513",774,"maz_po_GA1","grazing","maz_po","NW",2893,29.16,9,535,35.897483,52.010294,"d","A 6",380.007
"514",775,"maz_po_GA1","grazing","maz_po","NW",2893,29.16,9,535,35.897483,52.010294,"d","A 7",168.058
"515",776,"maz_po_GA1","grazing","maz_po","NW",2893,29.16,9,535,35.897483,52.010294,"d","A 8",713.02
"516",777,"maz_po_GA1","grazing","maz_po","NW",2893,29.16,9,535,35.897483,52.010294,"d","B 1",3.658
"517",778,"maz_po_GA1","grazing","maz_po","NW",2893,29.16,9,535,35.897483,52.010294,"d","B 2",290.4
"518",779,"maz_po_GA1","grazing","maz_po","NW",2893,29.16,9,535,35.897483,52.010294,"d","B 3",63.149
"519",780,"maz_po_GA1","grazing","maz_po","NW",2893,29.16,9,535,35.897483,52.010294,"d","B 4",396.98
"520",781,"maz_po_GA1","grazing","maz_po","NW",2893,29.16,9,535,35.897483,52.010294,"d","B 5",280.993
"521",782,"maz_po_GA1","grazing","maz_po","NW",2893,29.16,9,535,35.897483,52.010294,"d","B 6",254.295
"522",783,"maz_po_GA1","grazing","maz_po","NW",2893,29.16,9,535,35.897483,52.010294,"d","B 7",361.113
"523",784,"maz_po_GA1","grazing","maz_po","NW",2893,29.16,9,535,35.897483,52.010294,"d","B 8",210.417
"524",785,"maz_po_GA1","grazing","maz_po","NW",2893,29.16,9,535,35.897483,52.010294,"d","C 1",163.021
"525",786,"maz_po_GA1","grazing","maz_po","NW",2893,29.16,9,535,35.897483,52.010294,"d","C 2",83.505
"526",787,"maz_po_GA1","grazing","maz_po","NW",2893,29.16,9,535,35.897483,52.010294,"d","C 3",196.134
"527",788,"maz_po_GA1","grazing","maz_po","NW",2893,29.16,9,535,35.897483,52.010294,"d","C 4",216.713
"528",789,"maz_po_GA1","grazing","maz_po","NW",2893,29.16,9,535,35.897483,52.010294,"d","C 5",181.787
"529",790,"maz_po_GA1","grazing","maz_po","NW",2893,29.16,9,535,35.897483,52.010294,"d","C 6",193.511
"530",791,"maz_po_GA1","grazing","maz_po","NW",2893,29.16,9,535,35.897483,52.010294,"d","C 7",1023.681
"531",792,"maz_po_GA1","grazing","maz_po","NW",2893,29.16,9,535,35.897483,52.010294,"d","C 8",434.41
"532",793,"maz_po_GA1","grazing","maz_po","NW",2893,29.16,9,535,35.897483,52.010294,"d","D 1",150.877
"533",794,"maz_po_GA1","grazing","maz_po","NW",2893,29.16,9,535,35.897483,52.010294,"d","D 2",143.472
"534",795,"maz_po_GA1","grazing","maz_po","NW",2893,29.16,9,535,35.897483,52.010294,"d","D 3",149.932
"535",796,"maz_po_GA1","grazing","maz_po","NW",2893,29.16,9,535,35.897483,52.010294,"d","D 4",367.107
"536",797,"maz_po_GA1","grazing","maz_po","NW",2893,29.16,9,535,35.897483,52.010294,"d","D 5",357.887
"537",798,"maz_po_GA1","grazing","maz_po","NW",2893,29.16,9,535,35.897483,52.010294,"d","D 6",113.958
"538",799,"maz_po_GA1","grazing","maz_po","NW",2893,29.16,9,535,35.897483,52.010294,"d","D 7",488.449
"539",800,"maz_po_GA1","grazing","maz_po","NW",2893,29.16,9,535,35.897483,52.010294,"d","D 8",28.521
"540",801,"maz_po_GA1","grazing","maz_po","NW",2893,29.16,9,535,35.897483,52.010294,"d","E 1",167.271
"541",802,"maz_po_GA1","grazing","maz_po","NW",2893,29.16,9,535,35.897483,52.010294,"d","E 2",263.586
"542",803,"maz_po_GA1","grazing","maz_po","NW",2893,29.16,9,535,35.897483,52.010294,"d","E 3",212.319
"543",804,"maz_po_GA1","grazing","maz_po","NW",2893,29.16,9,535,35.897483,52.010294,"d","E 4",198.99
"544",805,"maz_po_GA1","grazing","maz_po","NW",2893,29.16,9,535,35.897483,52.010294,"d","E 5",377.547
"545",806,"maz_po_GA1","grazing","maz_po","NW",2893,29.16,9,535,35.897483,52.010294,"d","E 6",160.722
"546",807,"maz_po_GA1","grazing","maz_po","NW",2893,29.16,9,535,35.897483,52.010294,"d","E 7",917.878
"547",808,"maz_po_GA1","grazing","maz_po","NW",2893,29.16,9,535,35.897483,52.010294,"d","E 8",266.29
"548",809,"maz_po_GA1","grazing","maz_po","NW",2893,29.16,9,535,35.897483,52.010294,"d","F 1",154.62
"549",810,"maz_po_GA1","grazing","maz_po","NW",2893,29.16,9,535,35.897483,52.010294,"d","F 2",316.407
"550",811,"maz_po_GA1","grazing","maz_po","NW",2893,29.16,9,535,35.897483,52.010294,"d","F 3",287.455
"551",812,"maz_po_GA1","grazing","maz_po","NW",2893,29.16,9,535,35.897483,52.010294,"d","F 4",263.72
"552",813,"maz_po_GA1","grazing","maz_po","NW",2893,29.16,9,535,35.897483,52.010294,"d","F 5",328.822
"553",814,"maz_po_GA1","grazing","maz_po","NW",2893,29.16,9,535,35.897483,52.010294,"d","F 6",23.363
"554",815,"maz_po_GA1","grazing","maz_po","NW",2893,29.16,9,535,35.897483,52.010294,"d","F 7",178.34
"555",816,"maz_po_GA1","grazing","maz_po","NW",2893,29.16,9,535,35.897483,52.010294,"d","F 8",266.705
"556",817,"maz_po_GA1","grazing","maz_po","NW",2893,29.16,9,535,35.897483,52.010294,"d","G 1",174.749
"557",818,"maz_po_GA1","grazing","maz_po","NW",2893,29.16,9,535,35.897483,52.010294,"d","G 2",163.784
"558",819,"maz_po_GA1","grazing","maz_po","NW",2893,29.16,9,535,35.897483,52.010294,"d","G 3",269.928
"559",820,"maz_po_GA1","grazing","maz_po","NW",2893,29.16,9,535,35.897483,52.010294,"d","G 4",132.372
"560",821,"maz_po_GA1","grazing","maz_po","NW",2893,29.16,9,535,35.897483,52.010294,"d","G 5",318.132
"561",822,"maz_po_GA1","grazing","maz_po","NW",2893,29.16,9,535,35.897483,52.010294,"d","G 6",28.256
"562",823,"maz_po_GA1","grazing","maz_po","NW",2893,29.16,9,535,35.897483,52.010294,"d","G 7",150.427
"563",824,"maz_po_GA1","grazing","maz_po","NW",2893,29.16,9,535,35.897483,52.010294,"d","G 8",159.079
"564",825,"maz_po_GA1","grazing","maz_po","NW",2893,29.16,9,535,35.897483,52.010294,"d","H 1",157.061
"565",826,"maz_po_GA1","grazing","maz_po","NW",2893,29.16,9,535,35.897483,52.010294,"d","H 2",32.744
"566",827,"maz_po_GA1","grazing","maz_po","NW",2893,29.16,9,535,35.897483,52.010294,"d","H 3",156.211
"567",828,"maz_po_GA1","grazing","maz_po","NW",2893,29.16,9,535,35.897483,52.010294,"d","H 4",280.646
"568",829,"maz_po_GA1","grazing","maz_po","NW",2893,29.16,9,535,35.897483,52.010294,"d","H 5",236.168
"569",830,"maz_po_GA1","grazing","maz_po","NW",2893,29.16,9,535,35.897483,52.010294,"d","H 6",46.428
"570",831,"maz_po_GA1","grazing","maz_po","NW",2893,29.16,9,535,35.897483,52.010294,"d","H 7",340.4231
"571",833,"maz_po_GA2","grazing","maz_po","W",2663,20.6,9,535,35.889129,52.034467,"d","A 1",294.746
"572",834,"maz_po_GA2","grazing","maz_po","W",2663,20.6,9,535,35.889129,52.034467,"d","A 2",194.82
"573",835,"maz_po_GA2","grazing","maz_po","W",2663,20.6,9,535,35.889129,52.034467,"d","A 3",185.804
"574",836,"maz_po_GA2","grazing","maz_po","W",2663,20.6,9,535,35.889129,52.034467,"d","A 4",53.874
"575",837,"maz_po_GA2","grazing","maz_po","W",2663,20.6,9,535,35.889129,52.034467,"d","A 5",97.089
"576",838,"maz_po_GA2","grazing","maz_po","W",2663,20.6,9,535,35.889129,52.034467,"d","A 6",191.873
"577",839,"maz_po_GA2","grazing","maz_po","W",2663,20.6,9,535,35.889129,52.034467,"d","A 7",214.015
"578",840,"maz_po_GA2","grazing","maz_po","W",2663,20.6,9,535,35.889129,52.034467,"d","A 8",297.005
"579",841,"maz_po_GA2","grazing","maz_po","W",2663,20.6,9,535,35.889129,52.034467,"d","B 1",216.746
"580",842,"maz_po_GA2","grazing","maz_po","W",2663,20.6,9,535,35.889129,52.034467,"d","B 2",126.843
"581",843,"maz_po_GA2","grazing","maz_po","W",2663,20.6,9,535,35.889129,52.034467,"d","B 3",187.529
"582",844,"maz_po_GA2","grazing","maz_po","W",2663,20.6,9,535,35.889129,52.034467,"d","B 4",172.98
"583",845,"maz_po_GA2","grazing","maz_po","W",2663,20.6,9,535,35.889129,52.034467,"d","B 5",194.619
"584",846,"maz_po_GA2","grazing","maz_po","W",2663,20.6,9,535,35.889129,52.034467,"d","B 6",201.194
"585",847,"maz_po_GA2","grazing","maz_po","W",2663,20.6,9,535,35.889129,52.034467,"d","B 7",424.349
"586",848,"maz_po_GA2","grazing","maz_po","W",2663,20.6,9,535,35.889129,52.034467,"d","B 8",68.056
"587",849,"maz_po_GA2","grazing","maz_po","W",2663,20.6,9,535,35.889129,52.034467,"d","C 1",626.06
"588",850,"maz_po_GA2","grazing","maz_po","W",2663,20.6,9,535,35.889129,52.034467,"d","C 2",168.01
"589",851,"maz_po_GA2","grazing","maz_po","W",2663,20.6,9,535,35.889129,52.034467,"d","C 3",114.127
"590",852,"maz_po_GA2","grazing","maz_po","W",2663,20.6,9,535,35.889129,52.034467,"d","C 4",21.689
"591",853,"maz_po_GA2","grazing","maz_po","W",2663,20.6,9,535,35.889129,52.034467,"d","C 5",201.641
"592",854,"maz_po_GA2","grazing","maz_po","W",2663,20.6,9,535,35.889129,52.034467,"d","C 6",228.39
"593",855,"maz_po_GA2","grazing","maz_po","W",2663,20.6,9,535,35.889129,52.034467,"d","C 7",517.636
"594",856,"maz_po_GA2","grazing","maz_po","W",2663,20.6,9,535,35.889129,52.034467,"d","C 8",262.549
"595",857,"maz_po_GA2","grazing","maz_po","W",2663,20.6,9,535,35.889129,52.034467,"d","D 1",255.438
"596",858,"maz_po_GA2","grazing","maz_po","W",2663,20.6,9,535,35.889129,52.034467,"d","D 2",170.725
"597",859,"maz_po_GA2","grazing","maz_po","W",2663,20.6,9,535,35.889129,52.034467,"d","D 3",133.73
"598",860,"maz_po_GA2","grazing","maz_po","W",2663,20.6,9,535,35.889129,52.034467,"d","D 4",111.236
"599",861,"maz_po_GA2","grazing","maz_po","W",2663,20.6,9,535,35.889129,52.034467,"d","D 5",232.4
"600",862,"maz_po_GA2","grazing","maz_po","W",2663,20.6,9,535,35.889129,52.034467,"d","D 6",83.18
"601",863,"maz_po_GA2","grazing","maz_po","W",2663,20.6,9,535,35.889129,52.034467,"d","D 7",721.485
"602",864,"maz_po_GA2","grazing","maz_po","W",2663,20.6,9,535,35.889129,52.034467,"d","D 8",371.661
"603",865,"maz_po_GA2","grazing","maz_po","W",2663,20.6,9,535,35.889129,52.034467,"d","E 1",170.178
"604",866,"maz_po_GA2","grazing","maz_po","W",2663,20.6,9,535,35.889129,52.034467,"d","E 2",31.116
"605",867,"maz_po_GA2","grazing","maz_po","W",2663,20.6,9,535,35.889129,52.034467,"d","E 3",160.152
"606",868,"maz_po_GA2","grazing","maz_po","W",2663,20.6,9,535,35.889129,52.034467,"d","E 4",73.61
"607",869,"maz_po_GA2","grazing","maz_po","W",2663,20.6,9,535,35.889129,52.034467,"d","E 5",301.629
"608",870,"maz_po_GA2","grazing","maz_po","W",2663,20.6,9,535,35.889129,52.034467,"d","E 6",111.08
"609",871,"maz_po_GA2","grazing","maz_po","W",2663,20.6,9,535,35.889129,52.034467,"d","E 7",699.086
"610",872,"maz_po_GA2","grazing","maz_po","W",2663,20.6,9,535,35.889129,52.034467,"d","E 8",257.871
"611",873,"maz_po_GA2","grazing","maz_po","W",2663,20.6,9,535,35.889129,52.034467,"d","F 1",83.321
"612",874,"maz_po_GA2","grazing","maz_po","W",2663,20.6,9,535,35.889129,52.034467,"d","F 2",103.219
"613",875,"maz_po_GA2","grazing","maz_po","W",2663,20.6,9,535,35.889129,52.034467,"d","F 3",51.563
"614",876,"maz_po_GA2","grazing","maz_po","W",2663,20.6,9,535,35.889129,52.034467,"d","F 4",577.35
"615",877,"maz_po_GA2","grazing","maz_po","W",2663,20.6,9,535,35.889129,52.034467,"d","F 5",85.719
"616",878,"maz_po_GA2","grazing","maz_po","W",2663,20.6,9,535,35.889129,52.034467,"d","F 6",168.87
"617",879,"maz_po_GA2","grazing","maz_po","W",2663,20.6,9,535,35.889129,52.034467,"d","F 7",191.6
"618",880,"maz_po_GA2","grazing","maz_po","W",2663,20.6,9,535,35.889129,52.034467,"d","F 8",929.073
"619",881,"maz_po_GA2","grazing","maz_po","W",2663,20.6,9,535,35.889129,52.034467,"d","G 1",245.857
"620",882,"maz_po_GA2","grazing","maz_po","W",2663,20.6,9,535,35.889129,52.034467,"d","G 2",563.728
"621",883,"maz_po_GA2","grazing","maz_po","W",2663,20.6,9,535,35.889129,52.034467,"d","G 3",125.034
"622",884,"maz_po_GA2","grazing","maz_po","W",2663,20.6,9,535,35.889129,52.034467,"d","G 4",159.988
"623",885,"maz_po_GA2","grazing","maz_po","W",2663,20.6,9,535,35.889129,52.034467,"d","G 5",145.413
"624",886,"maz_po_GA2","grazing","maz_po","W",2663,20.6,9,535,35.889129,52.034467,"d","G 6",263.141
"625",887,"maz_po_GA2","grazing","maz_po","W",2663,20.6,9,535,35.889129,52.034467,"d","G 7",76.524
"626",888,"maz_po_GA2","grazing","maz_po","W",2663,20.6,9,535,35.889129,52.034467,"d","G 8",323.721
"627",889,"maz_po_GA2","grazing","maz_po","W",2663,20.6,9,535,35.889129,52.034467,"d","H 1",184.191
"628",890,"maz_po_GA2","grazing","maz_po","W",2663,20.6,9,535,35.889129,52.034467,"d","H 2",187.221
"629",891,"maz_po_GA2","grazing","maz_po","W",2663,20.6,9,535,35.889129,52.034467,"d","H 3",223.259
"630",892,"maz_po_GA2","grazing","maz_po","W",2663,20.6,9,535,35.889129,52.034467,"d","H 4",482.779
"631",893,"maz_po_GA2","grazing","maz_po","W",2663,20.6,9,535,35.889129,52.034467,"d","H 5",93.988
"632",894,"maz_po_GA2","grazing","maz_po","W",2663,20.6,9,535,35.889129,52.034467,"d","H 6",172.183
"633",895,"maz_po_GA2","grazing","maz_po","W",2663,20.6,9,535,35.889129,52.034467,"d","H 7",235.061
"634",897,"ramian_GA1","grazing","ramian","NW",2020,55.5,16.5,450,36.8395,55.2557,"c","A 1",167.0557
"635",898,"ramian_GA1","grazing","ramian","NW",2020,55.5,16.5,450,36.8395,55.2557,"c","A 2",258.798
"636",899,"ramian_GA1","grazing","ramian","NW",2020,55.5,16.5,450,36.8395,55.2557,"c","A 3",265.7804
"637",900,"ramian_GA1","grazing","ramian","NW",2020,55.5,16.5,450,36.8395,55.2557,"c","A 4",205.098
"638",901,"ramian_GA1","grazing","ramian","NW",2020,55.5,16.5,450,36.8395,55.2557,"c","A 5",347.038
"639",902,"ramian_GA1","grazing","ramian","NW",2020,55.5,16.5,450,36.8395,55.2557,"c","A 6",287.8395
"640",903,"ramian_GA1","grazing","ramian","NW",2020,55.5,16.5,450,36.8395,55.2557,"c","A 7",190.5696
"641",904,"ramian_GA1","grazing","ramian","NW",2020,55.5,16.5,450,36.8395,55.2557,"c","A 8",210.4854
"642",905,"ramian_GA1","grazing","ramian","NW",2020,55.5,16.5,450,36.8395,55.2557,"c","B 1",208.7336
"643",906,"ramian_GA1","grazing","ramian","NW",2020,55.5,16.5,450,36.8395,55.2557,"c","B 2",268.011
"644",907,"ramian_GA1","grazing","ramian","NW",2020,55.5,16.5,450,36.8395,55.2557,"c","B 3",183.016
"645",908,"ramian_GA1","grazing","ramian","NW",2020,55.5,16.5,450,36.8395,55.2557,"c","B 4",372.6657
"646",909,"ramian_GA1","grazing","ramian","NW",2020,55.5,16.5,450,36.8395,55.2557,"c","B 5",201.4055
"647",910,"ramian_GA1","grazing","ramian","NW",2020,55.5,16.5,450,36.8395,55.2557,"c","B 6",290.7263
"648",911,"ramian_GA1","grazing","ramian","NW",2020,55.5,16.5,450,36.8395,55.2557,"c","B 7",162.0081
"649",912,"ramian_GA1","grazing","ramian","NW",2020,55.5,16.5,450,36.8395,55.2557,"c","B 8",172.6599
"650",913,"ramian_GA1","grazing","ramian","NW",2020,55.5,16.5,450,36.8395,55.2557,"c","C 1",171.3597
"651",914,"ramian_GA1","grazing","ramian","NW",2020,55.5,16.5,450,36.8395,55.2557,"c","C 2",237.6825
"652",915,"ramian_GA1","grazing","ramian","NW",2020,55.5,16.5,450,36.8395,55.2557,"c","C 3",189.6524
"653",916,"ramian_GA1","grazing","ramian","NW",2020,55.5,16.5,450,36.8395,55.2557,"c","C 4",191.2022
"654",917,"ramian_GA1","grazing","ramian","NW",2020,55.5,16.5,450,36.8395,55.2557,"c","C 5",304.259
"655",918,"ramian_GA1","grazing","ramian","NW",2020,55.5,16.5,450,36.8395,55.2557,"c","C 6",149.9918
"656",919,"ramian_GA1","grazing","ramian","NW",2020,55.5,16.5,450,36.8395,55.2557,"c","C 7",231.5916
"657",920,"ramian_GA1","grazing","ramian","NW",2020,55.5,16.5,450,36.8395,55.2557,"c","C 8",247.453
"658",921,"ramian_GA1","grazing","ramian","NW",2020,55.5,16.5,450,36.8395,55.2557,"c","D 1",277.7742
"659",922,"ramian_GA1","grazing","ramian","NW",2020,55.5,16.5,450,36.8395,55.2557,"c","D 2",246.336
"660",923,"ramian_GA1","grazing","ramian","NW",2020,55.5,16.5,450,36.8395,55.2557,"c","D 3",146.0258
"661",924,"ramian_GA1","grazing","ramian","NW",2020,55.5,16.5,450,36.8395,55.2557,"c","D 4",107.44
"662",925,"ramian_GA1","grazing","ramian","NW",2020,55.5,16.5,450,36.8395,55.2557,"c","D 5",260.3415
"663",926,"ramian_GA1","grazing","ramian","NW",2020,55.5,16.5,450,36.8395,55.2557,"c","D 6",182.9593
"664",927,"ramian_GA1","grazing","ramian","NW",2020,55.5,16.5,450,36.8395,55.2557,"c","D 7",236.392
"665",928,"ramian_GA1","grazing","ramian","NW",2020,55.5,16.5,450,36.8395,55.2557,"c","D 8",228.0759
"666",929,"ramian_GA1","grazing","ramian","NW",2020,55.5,16.5,450,36.8395,55.2557,"c","E 1",261.2227
"667",930,"ramian_GA1","grazing","ramian","NW",2020,55.5,16.5,450,36.8395,55.2557,"c","E 2",263.1075
"668",931,"ramian_GA1","grazing","ramian","NW",2020,55.5,16.5,450,36.8395,55.2557,"c","E 3",110.9343
"669",932,"ramian_GA1","grazing","ramian","NW",2020,55.5,16.5,450,36.8395,55.2557,"c","E 4",125.1742
"670",933,"ramian_GA1","grazing","ramian","NW",2020,55.5,16.5,450,36.8395,55.2557,"c","E 5",191.614
"671",934,"ramian_GA1","grazing","ramian","NW",2020,55.5,16.5,450,36.8395,55.2557,"c","E 6",316.9568
"672",935,"ramian_GA1","grazing","ramian","NW",2020,55.5,16.5,450,36.8395,55.2557,"c","E 7",260.7746
"673",936,"ramian_GA1","grazing","ramian","NW",2020,55.5,16.5,450,36.8395,55.2557,"c","E 8",221.171
"674",937,"ramian_GA1","grazing","ramian","NW",2020,55.5,16.5,450,36.8395,55.2557,"c","F 1",199.7852
"675",938,"ramian_GA1","grazing","ramian","NW",2020,55.5,16.5,450,36.8395,55.2557,"c","F 2",231.96
"676",939,"ramian_GA1","grazing","ramian","NW",2020,55.5,16.5,450,36.8395,55.2557,"c","F 3",185.5898
"677",940,"ramian_GA1","grazing","ramian","NW",2020,55.5,16.5,450,36.8395,55.2557,"c","F 4",290.1466
"678",941,"ramian_GA1","grazing","ramian","NW",2020,55.5,16.5,450,36.8395,55.2557,"c","F 5",268.5725
"679",942,"ramian_GA1","grazing","ramian","NW",2020,55.5,16.5,450,36.8395,55.2557,"c","F 6",180.2173
"680",943,"ramian_GA1","grazing","ramian","NW",2020,55.5,16.5,450,36.8395,55.2557,"c","F 7",185.086
"681",944,"ramian_GA1","grazing","ramian","NW",2020,55.5,16.5,450,36.8395,55.2557,"c","F 8",148.7589
"682",945,"ramian_GA1","grazing","ramian","NW",2020,55.5,16.5,450,36.8395,55.2557,"c","G 1",150.6717
"683",946,"ramian_GA1","grazing","ramian","NW",2020,55.5,16.5,450,36.8395,55.2557,"c","G 2",171.895
"684",947,"ramian_GA1","grazing","ramian","NW",2020,55.5,16.5,450,36.8395,55.2557,"c","G 3",285.1873
"685",948,"ramian_GA1","grazing","ramian","NW",2020,55.5,16.5,450,36.8395,55.2557,"c","G 4",204.8911
"686",949,"ramian_GA1","grazing","ramian","NW",2020,55.5,16.5,450,36.8395,55.2557,"c","G 5",155.5929
"687",950,"ramian_GA1","grazing","ramian","NW",2020,55.5,16.5,450,36.8395,55.2557,"c","G 6",245.9308
"688",951,"ramian_GA1","grazing","ramian","NW",2020,55.5,16.5,450,36.8395,55.2557,"c","G 7",117.356
"689",952,"ramian_GA1","grazing","ramian","NW",2020,55.5,16.5,450,36.8395,55.2557,"c","G 8",122.756
"690",953,"ramian_GA1","grazing","ramian","NW",2020,55.5,16.5,450,36.8395,55.2557,"c","H 1",112.047
"691",954,"ramian_GA1","grazing","ramian","NW",2020,55.5,16.5,450,36.8395,55.2557,"c","H 2",114.122
"692",955,"ramian_GA1","grazing","ramian","NW",2020,55.5,16.5,450,36.8395,55.2557,"c","H 3",104.83
"693",956,"ramian_GA1","grazing","ramian","NW",2020,55.5,16.5,450,36.8395,55.2557,"c","H 4",165.5476
"694",957,"ramian_GA1","grazing","ramian","NW",2020,55.5,16.5,450,36.8395,55.2557,"c","H 5",154.1804
"695",958,"ramian_GA1","grazing","ramian","NW",2020,55.5,16.5,450,36.8395,55.2557,"c","H 6",103.4993
"696",959,"ramian_GA1","grazing","ramian","NW",2020,55.5,16.5,450,36.8395,55.2557,"c","H 7",207.083
"697",961,"ramian_GA2","grazing","ramian","NW",2020,55.5,16.5,450,36.8378,55.2551,"c","A 1",442.901
"698",962,"ramian_GA2","grazing","ramian","NW",2020,55.5,16.5,450,36.8378,55.2551,"c","A 2",283.239
"699",963,"ramian_GA2","grazing","ramian","NW",2020,55.5,16.5,450,36.8378,55.2551,"c","A 3",248.712
"700",964,"ramian_GA2","grazing","ramian","NW",2020,55.5,16.5,450,36.8378,55.2551,"c","A 4",320.445
"701",965,"ramian_GA2","grazing","ramian","NW",2020,55.5,16.5,450,36.8378,55.2551,"c","A 5",238.4549
"702",966,"ramian_GA2","grazing","ramian","NW",2020,55.5,16.5,450,36.8378,55.2551,"c","A 6",374.604
"703",967,"ramian_GA2","grazing","ramian","NW",2020,55.5,16.5,450,36.8378,55.2551,"c","A 7",505.485
"704",968,"ramian_GA2","grazing","ramian","NW",2020,55.5,16.5,450,36.8378,55.2551,"c","A 8",514.271
"705",969,"ramian_GA2","grazing","ramian","NW",2020,55.5,16.5,450,36.8378,55.2551,"c","B 1",473.720115
"706",970,"ramian_GA2","grazing","ramian","NW",2020,55.5,16.5,450,36.8378,55.2551,"c","B 2",381.272
"707",971,"ramian_GA2","grazing","ramian","NW",2020,55.5,16.5,450,36.8378,55.2551,"c","B 3",430.566
"708",972,"ramian_GA2","grazing","ramian","NW",2020,55.5,16.5,450,36.8378,55.2551,"c","B 4",501.056
"709",973,"ramian_GA2","grazing","ramian","NW",2020,55.5,16.5,450,36.8378,55.2551,"c","B 5",398.4768
"710",974,"ramian_GA2","grazing","ramian","NW",2020,55.5,16.5,450,36.8378,55.2551,"c","B 6",497.558
"711",975,"ramian_GA2","grazing","ramian","NW",2020,55.5,16.5,450,36.8378,55.2551,"c","B 7",399.886
"712",976,"ramian_GA2","grazing","ramian","NW",2020,55.5,16.5,450,36.8378,55.2551,"c","B 8",477.584618
"713",977,"ramian_GA2","grazing","ramian","NW",2020,55.5,16.5,450,36.8378,55.2551,"c","C 1",451.6
"714",978,"ramian_GA2","grazing","ramian","NW",2020,55.5,16.5,450,36.8378,55.2551,"c","C 2",506.364
"715",979,"ramian_GA2","grazing","ramian","NW",2020,55.5,16.5,450,36.8378,55.2551,"c","C 3",469.176
"716",980,"ramian_GA2","grazing","ramian","NW",2020,55.5,16.5,450,36.8378,55.2551,"c","C 4",507.076
"717",981,"ramian_GA2","grazing","ramian","NW",2020,55.5,16.5,450,36.8378,55.2551,"c","C 5",451.127
"718",982,"ramian_GA2","grazing","ramian","NW",2020,55.5,16.5,450,36.8378,55.2551,"c","C 6",488.203
"719",983,"ramian_GA2","grazing","ramian","NW",2020,55.5,16.5,450,36.8378,55.2551,"c","C 7",473.712
"720",984,"ramian_GA2","grazing","ramian","NW",2020,55.5,16.5,450,36.8378,55.2551,"c","C 8",640.366584
"721",985,"ramian_GA2","grazing","ramian","NW",2020,55.5,16.5,450,36.8378,55.2551,"c","D 1",524.3877
"722",986,"ramian_GA2","grazing","ramian","NW",2020,55.5,16.5,450,36.8378,55.2551,"c","D 2",599.4068
"723",987,"ramian_GA2","grazing","ramian","NW",2020,55.5,16.5,450,36.8378,55.2551,"c","D 3",528.69
"724",988,"ramian_GA2","grazing","ramian","NW",2020,55.5,16.5,450,36.8378,55.2551,"c","D 4",713.946
"725",989,"ramian_GA2","grazing","ramian","NW",2020,55.5,16.5,450,36.8378,55.2551,"c","D 5",277.277
"726",990,"ramian_GA2","grazing","ramian","NW",2020,55.5,16.5,450,36.8378,55.2551,"c","D 6",392.45275
"727",991,"ramian_GA2","grazing","ramian","NW",2020,55.5,16.5,450,36.8378,55.2551,"c","D 7",447.117
"728",992,"ramian_GA2","grazing","ramian","NW",2020,55.5,16.5,450,36.8378,55.2551,"c","D 8",613.302
"729",993,"ramian_GA2","grazing","ramian","NW",2020,55.5,16.5,450,36.8378,55.2551,"c","E 1",502.153
"730",994,"ramian_GA2","grazing","ramian","NW",2020,55.5,16.5,450,36.8378,55.2551,"c","E 2",510.5845
"731",995,"ramian_GA2","grazing","ramian","NW",2020,55.5,16.5,450,36.8378,55.2551,"c","E 3",382.857
"732",996,"ramian_GA2","grazing","ramian","NW",2020,55.5,16.5,450,36.8378,55.2551,"c","E 4",571.75
"733",997,"ramian_GA2","grazing","ramian","NW",2020,55.5,16.5,450,36.8378,55.2551,"c","E 5",246.358
"734",998,"ramian_GA2","grazing","ramian","NW",2020,55.5,16.5,450,36.8378,55.2551,"c","E 6",324.961
"735",999,"ramian_GA2","grazing","ramian","NW",2020,55.5,16.5,450,36.8378,55.2551,"c","E 7",506.592
"736",1000,"ramian_GA2","grazing","ramian","NW",2020,55.5,16.5,450,36.8378,55.2551,"c","E 8",451.925
"737",1001,"ramian_GA2","grazing","ramian","NW",2020,55.5,16.5,450,36.8378,55.2551,"c","F 1",525.104
"738",1002,"ramian_GA2","grazing","ramian","NW",2020,55.5,16.5,450,36.8378,55.2551,"c","F 2",626.155
"739",1003,"ramian_GA2","grazing","ramian","NW",2020,55.5,16.5,450,36.8378,55.2551,"c","F 3",493.048
"740",1004,"ramian_GA2","grazing","ramian","NW",2020,55.5,16.5,450,36.8378,55.2551,"c","F 4",900.454
"741",1005,"ramian_GA2","grazing","ramian","NW",2020,55.5,16.5,450,36.8378,55.2551,"c","F 5",250.804
"742",1006,"ramian_GA2","grazing","ramian","NW",2020,55.5,16.5,450,36.8378,55.2551,"c","F 6",263.789
"743",1007,"ramian_GA2","grazing","ramian","NW",2020,55.5,16.5,450,36.8378,55.2551,"c","F 7",650.12
"744",1008,"ramian_GA2","grazing","ramian","NW",2020,55.5,16.5,450,36.8378,55.2551,"c","F 8",396.347
"745",1009,"ramian_GA2","grazing","ramian","NW",2020,55.5,16.5,450,36.8378,55.2551,"c","G 1",605.609758
"746",1010,"ramian_GA2","grazing","ramian","NW",2020,55.5,16.5,450,36.8378,55.2551,"c","G 2",459.919
"747",1011,"ramian_GA2","grazing","ramian","NW",2020,55.5,16.5,450,36.8378,55.2551,"c","G 3",447.541
"748",1012,"ramian_GA2","grazing","ramian","NW",2020,55.5,16.5,450,36.8378,55.2551,"c","G 4",490.039
"749",1013,"ramian_GA2","grazing","ramian","NW",2020,55.5,16.5,450,36.8378,55.2551,"c","G 5",371.439
"750",1014,"ramian_GA2","grazing","ramian","NW",2020,55.5,16.5,450,36.8378,55.2551,"c","G 6",372.984
"751",1015,"ramian_GA2","grazing","ramian","NW",2020,55.5,16.5,450,36.8378,55.2551,"c","G 7",503.663
"752",1016,"ramian_GA2","grazing","ramian","NW",2020,55.5,16.5,450,36.8378,55.2551,"c","G 8",551.889
"753",1017,"ramian_GA2","grazing","ramian","NW",2020,55.5,16.5,450,36.8378,55.2551,"c","H 1",525.483
"754",1018,"ramian_GA2","grazing","ramian","NW",2020,55.5,16.5,450,36.8378,55.2551,"c","H 2",441.155
"755",1019,"ramian_GA2","grazing","ramian","NW",2020,55.5,16.5,450,36.8378,55.2551,"c","H 3",496.312
"756",1020,"ramian_GA2","grazing","ramian","NW",2020,55.5,16.5,450,36.8378,55.2551,"c","H 4",513.263
"757",1021,"ramian_GA2","grazing","ramian","NW",2020,55.5,16.5,450,36.8378,55.2551,"c","H 5",340.442
"758",1022,"ramian_GA2","grazing","ramian","NW",2020,55.5,16.5,450,36.8378,55.2551,"c","H 6",200.975
"759",1023,"ramian_GA2","grazing","ramian","NW",2020,55.5,16.5,450,36.8378,55.2551,"c","H 7",455.258
